-- MySQL dump 10.13  Distrib 9.0.1, for Win64 (x86_64)
--
-- Host: 127.0.0.1    Database: shop
-- ------------------------------------------------------
-- Server version	9.0.1

/*!40101 SET @OLD_CHARACTER_SET_CLIENT=@@CHARACTER_SET_CLIENT */;
/*!40101 SET @OLD_CHARACTER_SET_RESULTS=@@CHARACTER_SET_RESULTS */;
/*!40101 SET @OLD_COLLATION_CONNECTION=@@COLLATION_CONNECTION */;
/*!50503 SET NAMES utf8mb4 */;
/*!40103 SET @OLD_TIME_ZONE=@@TIME_ZONE */;
/*!40103 SET TIME_ZONE='+00:00' */;
/*!40014 SET @OLD_UNIQUE_CHECKS=@@UNIQUE_CHECKS, UNIQUE_CHECKS=0 */;
/*!40014 SET @OLD_FOREIGN_KEY_CHECKS=@@FOREIGN_KEY_CHECKS, FOREIGN_KEY_CHECKS=0 */;
/*!40101 SET @OLD_SQL_MODE=@@SQL_MODE, SQL_MODE='NO_AUTO_VALUE_ON_ZERO' */;
/*!40111 SET @OLD_SQL_NOTES=@@SQL_NOTES, SQL_NOTES=0 */;

--
-- Table structure for table `cart`
--

DROP TABLE IF EXISTS `cart`;
/*!40101 SET @saved_cs_client     = @@character_set_client */;
/*!50503 SET character_set_client = utf8mb4 */;
CREATE TABLE `cart` (
  `userId` int unsigned DEFAULT NULL,
  `goodId` varchar(32) DEFAULT NULL,
  `num` int unsigned DEFAULT NULL,
  KEY `userId` (`userId`),
  KEY `fk_goodId` (`goodId`),
  CONSTRAINT `cart_ibfk_1` FOREIGN KEY (`userId`) REFERENCES `user` (`userid`),
  CONSTRAINT `fk_goodId` FOREIGN KEY (`goodId`) REFERENCES `good` (`goodId`) ON DELETE CASCADE
) ENGINE=InnoDB DEFAULT CHARSET=utf8mb4 COLLATE=utf8mb4_0900_ai_ci;
/*!40101 SET character_set_client = @saved_cs_client */;

--
-- Dumping data for table `cart`
--

LOCK TABLES `cart` WRITE;
/*!40000 ALTER TABLE `cart` DISABLE KEYS */;
INSERT INTO `cart` VALUES (12,'202410021751260274',3),(12,'202409271554450805',1),(4,'202410021751390868',1),(5,'202410021751390868',2),(4,'202410121512270379',1),(4,'202410021751260274',2),(4,'202410121509530996',1);
/*!40000 ALTER TABLE `cart` ENABLE KEYS */;
UNLOCK TABLES;

--
-- Table structure for table `good`
--

DROP TABLE IF EXISTS `good`;
/*!40101 SET @saved_cs_client     = @@character_set_client */;
/*!50503 SET character_set_client = utf8mb4 */;
CREATE TABLE `good` (
  `goodId` varchar(32) NOT NULL,
  `name` varchar(25) DEFAULT NULL,
  `price` double NOT NULL,
  `num` int DEFAULT NULL,
  `shopId` int DEFAULT NULL,
  `image` varchar(300) DEFAULT NULL,
  `type` int NOT NULL,
  PRIMARY KEY (`goodId`),
  KEY `fk_type_good` (`type`),
  KEY `fk_shopId_good` (`shopId`),
  CONSTRAINT `fk_shopId_good` FOREIGN KEY (`shopId`) REFERENCES `shop` (`shopId`),
  CONSTRAINT `fk_type_good` FOREIGN KEY (`type`) REFERENCES `good_type` (`type`)
) ENGINE=InnoDB DEFAULT CHARSET=utf8mb4 COLLATE=utf8mb4_0900_ai_ci;
/*!40101 SET character_set_client = @saved_cs_client */;

--
-- Dumping data for table `good`
--

LOCK TABLES `good` WRITE;
/*!40000 ALTER TABLE `good` DISABLE KEYS */;
INSERT INTO `good` VALUES ('202409271554450805','小新16',3888,150,1,'https://shop-system-project.oss-cn-hangzhou.aliyuncs.com/425aaba1-1569-4b7f-9794-858319b03b3b.jpg',1),('202410021751260274','瓜子',32,2145,3,'https://shop-system-project.oss-cn-hangzhou.aliyuncs.com/f2730ad0-cd06-437e-84a4-fc44d88c6046.jpg',10),('202410021751390868','花生',23,2421,3,'https://shop-system-project.oss-cn-hangzhou.aliyuncs.com/f0a5eeef-05a4-4ebc-97f7-1d5fada444ce.jpg',10),('202410121509530996','thinkbook16',8888,1234,1,'https://shop-system-project.oss-cn-hangzhou.aliyuncs.com/63abda9f-7553-4b07-8126-d8809597944a.jpg',1),('202410121512270379','thinkbook14',3888,5322,1,'https://shop-system-project.oss-cn-hangzhou.aliyuncs.com/fcfb33b6-b09c-46cf-8a74-29cc1549ab71.jpg',1),('202411251429410637','白色连衣裙',200,203,2,'https://shop-system-project.oss-cn-hangzhou.aliyuncs.com/c5d2665b-8f06-4457-89e1-f1ec8ed747ae.jpg',2),('202411251430240378','白色衬衫基础款',98,302,2,'https://shop-system-project.oss-cn-hangzhou.aliyuncs.com/3b18ca7d-22a7-460b-9e36-d1234bccc1da.jpg',2),('202411251431230896','牛仔裤浅色夏天薄款',170,84,2,'https://shop-system-project.oss-cn-hangzhou.aliyuncs.com/feff0252-16b3-4ac4-8d2b-a25af69fd13b.jpg',2),('202411251432130363','皮鞋',530,53,2,'https://shop-system-project.oss-cn-hangzhou.aliyuncs.com/8d63ce08-f404-4865-a919-9f17b09be73b.jpg',3),('202411251433220913','黑白运动鞋',1324,149,2,'https://shop-system-project.oss-cn-hangzhou.aliyuncs.com/988f6ac4-0b38-4b88-acfe-e86002dbefc6.jpg',3),('202411251440320385','粉底液',134,235,4,'https://shop-system-project.oss-cn-hangzhou.aliyuncs.com/f9a9d74b-abc9-4681-9b89-e73f502e695f.jpg',5),('202411251440560538','口红',128,342,4,'https://shop-system-project.oss-cn-hangzhou.aliyuncs.com/a0a3750e-c614-4a6a-ac0d-fe594b11b518.jpg',5),('202411251441240854','粉饼',120,432,4,'https://shop-system-project.oss-cn-hangzhou.aliyuncs.com/7fcff191-228e-4413-b1c6-e9ab858e6508.jpg',5),('202411251540350430','秋千',134,14,8,'https://shop-system-project.oss-cn-hangzhou.aliyuncs.com/10415e45-fbc5-4e03-a10d-0441c1d5d008.jpg',4),('202411251541350971','原木桌子',500,134,8,'https://shop-system-project.oss-cn-hangzhou.aliyuncs.com/8dc1ebe2-a0f2-46f9-ae89-a2200d5c5682.jpg',4);
/*!40000 ALTER TABLE `good` ENABLE KEYS */;
UNLOCK TABLES;

--
-- Table structure for table `good_type`
--

DROP TABLE IF EXISTS `good_type`;
/*!40101 SET @saved_cs_client     = @@character_set_client */;
/*!50503 SET character_set_client = utf8mb4 */;
CREATE TABLE `good_type` (
  `type` int NOT NULL,
  `typeName` varchar(15) DEFAULT NULL,
  PRIMARY KEY (`type`)
) ENGINE=InnoDB DEFAULT CHARSET=utf8mb4 COLLATE=utf8mb4_0900_ai_ci;
/*!40101 SET character_set_client = @saved_cs_client */;

--
-- Dumping data for table `good_type`
--

LOCK TABLES `good_type` WRITE;
/*!40000 ALTER TABLE `good_type` DISABLE KEYS */;
INSERT INTO `good_type` VALUES (1,'电子产品'),(2,'服装'),(3,'鞋靴'),(4,'家具'),(5,'美妆'),(10,'食品');
/*!40000 ALTER TABLE `good_type` ENABLE KEYS */;
UNLOCK TABLES;

--
-- Table structure for table `operate_log`
--

DROP TABLE IF EXISTS `operate_log`;
/*!40101 SET @saved_cs_client     = @@character_set_client */;
/*!50503 SET character_set_client = utf8mb4 */;
CREATE TABLE `operate_log` (
  `id` int unsigned NOT NULL AUTO_INCREMENT,
  `operate_user` int unsigned DEFAULT NULL,
  `operate_time` datetime DEFAULT NULL,
  `class_name` varchar(100) DEFAULT NULL,
  `method_name` varchar(100) DEFAULT NULL,
  `method_params` varchar(1000) DEFAULT NULL,
  `return_value` varchar(2000) DEFAULT NULL,
  `cost_time` bigint DEFAULT NULL,
  PRIMARY KEY (`id`)
) ENGINE=InnoDB AUTO_INCREMENT=566 DEFAULT CHARSET=utf8mb4 COLLATE=utf8mb4_0900_ai_ci;
/*!40101 SET character_set_client = @saved_cs_client */;

--
-- Dumping data for table `operate_log`
--

LOCK TABLES `operate_log` WRITE;
/*!40000 ALTER TABLE `operate_log` DISABLE KEYS */;
INSERT INTO `operate_log` VALUES (459,NULL,'2024-09-25 16:39:07','com.loginmodule.controller.DisplayController','page','[1, 10, , null, null, null, null]','{\"code\":1,\"data\":{\"rows\":[{\"name\":\"雪糕刺客\",\"num\":43,\"price\":10.0,\"type\":7},{\"name\":\"冰棒\",\"num\":51,\"price\":3.0,\"type\":10},{\"name\":\"thinkbook14\",\"num\":10,\"price\":5888.0,\"type\":1},{\"name\":\"thinkbook16\",\"num\":17,\"price\":8888.0,\"type\":1}],\"total\":4},\"msg\":\"success\"}',57),(460,NULL,'2024-09-25 16:39:09','com.loginmodule.controller.DisplayController','page','[1, 10, , null, null, null, null]','{\"code\":1,\"data\":{\"rows\":[{\"name\":\"雪糕刺客\",\"num\":43,\"price\":10.0,\"type\":7},{\"name\":\"冰棒\",\"num\":51,\"price\":3.0,\"type\":10},{\"name\":\"thinkbook14\",\"num\":10,\"price\":5888.0,\"type\":1},{\"name\":\"thinkbook16\",\"num\":17,\"price\":8888.0,\"type\":1}],\"total\":4},\"msg\":\"success\"}',9),(461,NULL,'2024-09-25 16:45:35','com.loginmodule.controller.DisplayController','page','[1, 10, null, null, null, null, null]','{\"code\":1,\"data\":{\"rows\":[{\"name\":\"雪糕刺客\",\"num\":43,\"price\":10.0,\"type\":7},{\"name\":\"冰棒\",\"num\":51,\"price\":3.0,\"type\":10},{\"name\":\"thinkbook14\",\"num\":10,\"price\":5888.0,\"type\":1},{\"name\":\"thinkbook16\",\"num\":17,\"price\":8888.0,\"type\":1}],\"total\":4},\"msg\":\"success\"}',799),(462,NULL,'2024-09-25 16:46:35','com.loginmodule.controller.DisplayController','page','[1, 10, null, null, null, null, null]','{\"code\":1,\"data\":{\"rows\":[{\"name\":\"雪糕刺客\",\"num\":43,\"price\":10.0,\"type\":7},{\"name\":\"雪糕刺客\",\"num\":43,\"price\":10.0,\"type\":7},{\"name\":\"冰棒\",\"num\":51,\"price\":3.0,\"type\":10},{\"name\":\"冰棒\",\"num\":51,\"price\":3.0,\"type\":10},{\"name\":\"thinkbook14\",\"num\":10,\"price\":5888.0,\"type\":1},{\"name\":\"thinkbook14\",\"num\":10,\"price\":5888.0,\"type\":1},{\"name\":\"thinkbook16\",\"num\":17,\"price\":8888.0,\"type\":1},{\"name\":\"thinkbook16\",\"num\":17,\"price\":8888.0,\"type\":1}],\"total\":8},\"msg\":\"success\"}',885),(463,NULL,'2024-09-25 16:58:42','com.loginmodule.controller.DisplayController','page','[1, 10, null, null, null, null, null]','{\"code\":1,\"data\":{\"rows\":[{\"name\":\"雪糕刺客\",\"num\":43,\"price\":10.0,\"type\":7},{\"name\":\"冰棒\",\"num\":51,\"price\":3.0,\"type\":10},{\"name\":\"thinkbook14\",\"num\":10,\"price\":5888.0,\"type\":1},{\"name\":\"thinkbook16\",\"num\":17,\"price\":8888.0,\"type\":1}],\"total\":4},\"msg\":\"success\"}',769),(464,NULL,'2024-09-26 10:25:07','com.loginmodule.controller.DisplayController','page','[1, 10, , null, null, null, null]','{\"code\":1,\"data\":{\"rows\":[{\"name\":\"雪糕刺客\",\"num\":43,\"price\":10.0,\"type\":7},{\"name\":\"冰棒\",\"num\":51,\"price\":3.0,\"type\":10},{\"name\":\"thinkbook14\",\"num\":10,\"price\":5888.0,\"type\":1},{\"name\":\"thinkbook16\",\"num\":17,\"price\":8888.0,\"type\":1}],\"total\":4},\"msg\":\"success\"}',82),(465,NULL,'2024-09-26 10:25:34','com.loginmodule.controller.DisplayController','page','[1, 20, , null, null, null, null]','{\"code\":1,\"data\":{\"rows\":[{\"name\":\"雪糕刺客\",\"num\":43,\"price\":10.0,\"type\":7},{\"name\":\"冰棒\",\"num\":51,\"price\":3.0,\"type\":10},{\"name\":\"thinkbook14\",\"num\":10,\"price\":5888.0,\"type\":1},{\"name\":\"thinkbook16\",\"num\":17,\"price\":8888.0,\"type\":1}],\"total\":4},\"msg\":\"success\"}',8),(466,NULL,'2024-09-26 10:25:38','com.loginmodule.controller.DisplayController','page','[1, 10, , null, null, null, null]','{\"code\":1,\"data\":{\"rows\":[{\"name\":\"雪糕刺客\",\"num\":43,\"price\":10.0,\"type\":7},{\"name\":\"冰棒\",\"num\":51,\"price\":3.0,\"type\":10},{\"name\":\"thinkbook14\",\"num\":10,\"price\":5888.0,\"type\":1},{\"name\":\"thinkbook16\",\"num\":17,\"price\":8888.0,\"type\":1}],\"total\":4},\"msg\":\"success\"}',8),(467,NULL,'2024-09-26 10:25:54','com.loginmodule.controller.DisplayController','page','[1, 10, , null, null, null, null]','{\"code\":1,\"data\":{\"rows\":[{\"name\":\"雪糕刺客\",\"num\":43,\"price\":10.0,\"type\":7},{\"name\":\"冰棒\",\"num\":51,\"price\":3.0,\"type\":10},{\"name\":\"thinkbook14\",\"num\":10,\"price\":5888.0,\"type\":1},{\"name\":\"thinkbook16\",\"num\":17,\"price\":8888.0,\"type\":1}],\"total\":4},\"msg\":\"success\"}',6),(468,NULL,'2024-09-26 10:29:25','com.loginmodule.controller.DisplayController','page','[1, 10, , null, null, null, null]','{\"code\":1,\"data\":{\"rows\":[{\"name\":\"雪糕刺客\",\"num\":43,\"price\":10.0,\"type\":7},{\"name\":\"冰棒\",\"num\":51,\"price\":3.0,\"type\":10},{\"name\":\"thinkbook14\",\"num\":10,\"price\":5888.0,\"type\":1},{\"name\":\"thinkbook16\",\"num\":17,\"price\":8888.0,\"type\":1}],\"total\":4},\"msg\":\"success\"}',7),(469,NULL,'2024-09-26 14:31:09','com.loginmodule.controller.DisplayController','page','[1, 20, , null, null, null, null]','{\"code\":1,\"data\":{\"rows\":[{\"name\":\"雪糕刺客\",\"num\":43,\"price\":10.0,\"type\":7},{\"name\":\"冰棒\",\"num\":51,\"price\":3.0,\"type\":10},{\"name\":\"thinkbook14\",\"num\":10,\"price\":5888.0,\"type\":1},{\"name\":\"thinkbook16\",\"num\":17,\"price\":8888.0,\"type\":1}],\"total\":4},\"msg\":\"success\"}',906),(470,NULL,'2024-09-26 14:31:48','com.loginmodule.controller.DisplayController','page','[1, 10, , null, null, null, null]','{\"code\":1,\"data\":{\"rows\":[{\"name\":\"雪糕刺客\",\"num\":43,\"price\":10.0,\"type\":7},{\"name\":\"冰棒\",\"num\":51,\"price\":3.0,\"type\":10},{\"name\":\"thinkbook14\",\"num\":10,\"price\":5888.0,\"type\":1},{\"name\":\"thinkbook16\",\"num\":17,\"price\":8888.0,\"type\":1}],\"total\":4},\"msg\":\"success\"}',8),(471,NULL,'2024-09-26 14:32:49','com.loginmodule.controller.DisplayController','page','[1, 10, , null, null, null, null]','{\"code\":1,\"data\":{\"rows\":[{\"name\":\"雪糕刺客\",\"num\":43,\"price\":10.0,\"type\":7},{\"name\":\"冰棒\",\"num\":51,\"price\":3.0,\"type\":10},{\"name\":\"thinkbook14\",\"num\":10,\"price\":5888.0,\"type\":1},{\"name\":\"thinkbook16\",\"num\":17,\"price\":8888.0,\"type\":1}],\"total\":4},\"msg\":\"success\"}',10),(472,NULL,'2024-09-26 14:39:10','com.loginmodule.controller.DisplayController','page','[1, 10, , null, null, null, null]','{\"code\":1,\"data\":{\"rows\":[{\"name\":\"雪糕刺客\",\"num\":43,\"price\":10.0,\"type\":7},{\"name\":\"冰棒\",\"num\":51,\"price\":3.0,\"type\":10},{\"name\":\"thinkbook14\",\"num\":10,\"price\":5888.0,\"type\":1},{\"name\":\"thinkbook16\",\"num\":17,\"price\":8888.0,\"type\":1}],\"total\":4},\"msg\":\"success\"}',7),(473,NULL,'2024-09-26 14:40:19','com.loginmodule.controller.DisplayController','page','[1, 10, , null, null, null, null]','{\"code\":1,\"data\":{\"rows\":[{\"name\":\"雪糕刺客\",\"num\":43,\"price\":10.0,\"type\":7},{\"name\":\"冰棒\",\"num\":51,\"price\":3.0,\"type\":10},{\"name\":\"thinkbook14\",\"num\":10,\"price\":5888.0,\"type\":1},{\"name\":\"thinkbook16\",\"num\":17,\"price\":8888.0,\"type\":1}],\"total\":4},\"msg\":\"success\"}',5),(474,NULL,'2024-09-26 14:40:25','com.loginmodule.controller.DisplayController','page','[1, 10, , null, null, null, null]','{\"code\":1,\"data\":{\"rows\":[{\"name\":\"雪糕刺客\",\"num\":43,\"price\":10.0,\"type\":7},{\"name\":\"冰棒\",\"num\":51,\"price\":3.0,\"type\":10},{\"name\":\"thinkbook14\",\"num\":10,\"price\":5888.0,\"type\":1},{\"name\":\"thinkbook16\",\"num\":17,\"price\":8888.0,\"type\":1}],\"total\":4},\"msg\":\"success\"}',4),(475,NULL,'2024-09-26 14:41:03','com.loginmodule.controller.DisplayController','page','[1, 10, , null, null, null, null]','{\"code\":1,\"data\":{\"rows\":[{\"name\":\"雪糕刺客\",\"num\":43,\"price\":10.0,\"type\":7},{\"name\":\"冰棒\",\"num\":51,\"price\":3.0,\"type\":10},{\"name\":\"thinkbook14\",\"num\":10,\"price\":5888.0,\"type\":1},{\"name\":\"thinkbook16\",\"num\":17,\"price\":8888.0,\"type\":1}],\"total\":4},\"msg\":\"success\"}',5),(476,NULL,'2024-09-26 14:41:07','com.loginmodule.controller.DisplayController','page','[1, 10, , null, null, null, null]','{\"code\":1,\"data\":{\"rows\":[{\"name\":\"雪糕刺客\",\"num\":43,\"price\":10.0,\"type\":7},{\"name\":\"冰棒\",\"num\":51,\"price\":3.0,\"type\":10},{\"name\":\"thinkbook14\",\"num\":10,\"price\":5888.0,\"type\":1},{\"name\":\"thinkbook16\",\"num\":17,\"price\":8888.0,\"type\":1}],\"total\":4},\"msg\":\"success\"}',5),(477,NULL,'2024-09-26 14:41:17','com.loginmodule.controller.DisplayController','page','[1, 10, , null, null, null, null]','{\"code\":1,\"data\":{\"rows\":[{\"name\":\"雪糕刺客\",\"num\":43,\"price\":10.0,\"type\":7},{\"name\":\"冰棒\",\"num\":51,\"price\":3.0,\"type\":10},{\"name\":\"thinkbook14\",\"num\":10,\"price\":5888.0,\"type\":1},{\"name\":\"thinkbook16\",\"num\":17,\"price\":8888.0,\"type\":1}],\"total\":4},\"msg\":\"success\"}',5),(478,NULL,'2024-09-26 14:41:24','com.loginmodule.controller.DisplayController','page','[1, 10, , null, null, null, null]','{\"code\":1,\"data\":{\"rows\":[{\"name\":\"雪糕刺客\",\"num\":43,\"price\":10.0,\"type\":7},{\"name\":\"冰棒\",\"num\":51,\"price\":3.0,\"type\":10},{\"name\":\"thinkbook14\",\"num\":10,\"price\":5888.0,\"type\":1},{\"name\":\"thinkbook16\",\"num\":17,\"price\":8888.0,\"type\":1}],\"total\":4},\"msg\":\"success\"}',4),(479,NULL,'2024-09-26 14:42:17','com.loginmodule.controller.DisplayController','page','[1, 10, , null, null, null, null]','{\"code\":1,\"data\":{\"rows\":[{\"name\":\"雪糕刺客\",\"num\":43,\"price\":10.0,\"type\":7},{\"name\":\"冰棒\",\"num\":51,\"price\":3.0,\"type\":10},{\"name\":\"thinkbook14\",\"num\":10,\"price\":5888.0,\"type\":1},{\"name\":\"thinkbook16\",\"num\":17,\"price\":8888.0,\"type\":1}],\"total\":4},\"msg\":\"success\"}',14),(480,NULL,'2024-09-26 14:42:21','com.loginmodule.controller.DisplayController','page','[1, 10, , null, null, null, null]','{\"code\":1,\"data\":{\"rows\":[{\"name\":\"雪糕刺客\",\"num\":43,\"price\":10.0,\"type\":7},{\"name\":\"冰棒\",\"num\":51,\"price\":3.0,\"type\":10},{\"name\":\"thinkbook14\",\"num\":10,\"price\":5888.0,\"type\":1},{\"name\":\"thinkbook16\",\"num\":17,\"price\":8888.0,\"type\":1}],\"total\":4},\"msg\":\"success\"}',5),(481,NULL,'2024-09-26 14:42:36','com.loginmodule.controller.DisplayController','page','[1, 10, , null, null, null, null]','{\"code\":1,\"data\":{\"rows\":[{\"name\":\"雪糕刺客\",\"num\":43,\"price\":10.0,\"type\":7},{\"name\":\"冰棒\",\"num\":51,\"price\":3.0,\"type\":10},{\"name\":\"thinkbook14\",\"num\":10,\"price\":5888.0,\"type\":1},{\"name\":\"thinkbook16\",\"num\":17,\"price\":8888.0,\"type\":1}],\"total\":4},\"msg\":\"success\"}',3),(482,NULL,'2024-09-26 14:42:55','com.loginmodule.controller.DisplayController','page','[1, 10, , null, null, null, null]','{\"code\":1,\"data\":{\"rows\":[{\"name\":\"雪糕刺客\",\"num\":43,\"price\":10.0,\"type\":7},{\"name\":\"冰棒\",\"num\":51,\"price\":3.0,\"type\":10},{\"name\":\"thinkbook14\",\"num\":10,\"price\":5888.0,\"type\":1},{\"name\":\"thinkbook16\",\"num\":17,\"price\":8888.0,\"type\":1}],\"total\":4},\"msg\":\"success\"}',4),(483,NULL,'2024-09-26 14:43:02','com.loginmodule.controller.DisplayController','page','[1, 10, , null, null, null, null]','{\"code\":1,\"data\":{\"rows\":[{\"name\":\"雪糕刺客\",\"num\":43,\"price\":10.0,\"type\":7},{\"name\":\"冰棒\",\"num\":51,\"price\":3.0,\"type\":10},{\"name\":\"thinkbook14\",\"num\":10,\"price\":5888.0,\"type\":1},{\"name\":\"thinkbook16\",\"num\":17,\"price\":8888.0,\"type\":1}],\"total\":4},\"msg\":\"success\"}',4),(484,NULL,'2024-09-26 14:43:17','com.loginmodule.controller.DisplayController','page','[1, 10, , null, null, null, null]','{\"code\":1,\"data\":{\"rows\":[{\"name\":\"雪糕刺客\",\"num\":43,\"price\":10.0,\"type\":7},{\"name\":\"冰棒\",\"num\":51,\"price\":3.0,\"type\":10},{\"name\":\"thinkbook14\",\"num\":10,\"price\":5888.0,\"type\":1},{\"name\":\"thinkbook16\",\"num\":17,\"price\":8888.0,\"type\":1}],\"total\":4},\"msg\":\"success\"}',5),(485,NULL,'2024-09-26 14:43:20','com.loginmodule.controller.DisplayController','page','[1, 10, , null, null, null, null]','{\"code\":1,\"data\":{\"rows\":[{\"name\":\"雪糕刺客\",\"num\":43,\"price\":10.0,\"type\":7},{\"name\":\"冰棒\",\"num\":51,\"price\":3.0,\"type\":10},{\"name\":\"thinkbook14\",\"num\":10,\"price\":5888.0,\"type\":1},{\"name\":\"thinkbook16\",\"num\":17,\"price\":8888.0,\"type\":1}],\"total\":4},\"msg\":\"success\"}',5),(486,NULL,'2024-09-26 14:43:56','com.loginmodule.controller.DisplayController','page','[1, 10, , null, null, null, null]','{\"code\":1,\"data\":{\"rows\":[{\"name\":\"雪糕刺客\",\"num\":43,\"price\":10.0,\"type\":7},{\"name\":\"冰棒\",\"num\":51,\"price\":3.0,\"type\":10},{\"name\":\"thinkbook14\",\"num\":10,\"price\":5888.0,\"type\":1},{\"name\":\"thinkbook16\",\"num\":17,\"price\":8888.0,\"type\":1}],\"total\":4},\"msg\":\"success\"}',4),(487,NULL,'2024-09-26 14:50:39','com.loginmodule.controller.DisplayController','page','[1, 10, , null, null, null, null]','{\"code\":1,\"data\":{\"rows\":[{\"name\":\"雪糕刺客\",\"num\":43,\"price\":10.0,\"type\":7},{\"name\":\"冰棒\",\"num\":51,\"price\":3.0,\"type\":10},{\"name\":\"thinkbook14\",\"num\":10,\"price\":5888.0,\"type\":1},{\"name\":\"thinkbook16\",\"num\":17,\"price\":8888.0,\"type\":1}],\"total\":4},\"msg\":\"success\"}',6),(488,NULL,'2024-09-26 14:50:41','com.loginmodule.controller.DisplayController','page','[1, 10, , null, null, null, null]','{\"code\":1,\"data\":{\"rows\":[{\"name\":\"雪糕刺客\",\"num\":43,\"price\":10.0,\"type\":7},{\"name\":\"冰棒\",\"num\":51,\"price\":3.0,\"type\":10},{\"name\":\"thinkbook14\",\"num\":10,\"price\":5888.0,\"type\":1},{\"name\":\"thinkbook16\",\"num\":17,\"price\":8888.0,\"type\":1}],\"total\":4},\"msg\":\"success\"}',3),(489,NULL,'2024-09-26 14:53:45','com.loginmodule.controller.DisplayController','page','[1, 10, , null, null, null, null]','{\"code\":1,\"data\":{\"rows\":[{\"name\":\"雪糕刺客\",\"num\":43,\"price\":10.0,\"type\":7},{\"name\":\"冰棒\",\"num\":51,\"price\":3.0,\"type\":10},{\"name\":\"thinkbook14\",\"num\":10,\"price\":5888.0,\"type\":1},{\"name\":\"thinkbook16\",\"num\":17,\"price\":8888.0,\"type\":1}],\"total\":4},\"msg\":\"success\"}',5),(490,NULL,'2024-09-26 14:55:17','com.loginmodule.controller.DisplayController','page','[1, 10, , null, null, null, null]','{\"code\":1,\"data\":{\"rows\":[{\"name\":\"雪糕刺客\",\"num\":43,\"price\":10.0,\"type\":7},{\"name\":\"冰棒\",\"num\":51,\"price\":3.0,\"type\":10},{\"name\":\"thinkbook14\",\"num\":10,\"price\":5888.0,\"type\":1},{\"name\":\"thinkbook16\",\"num\":17,\"price\":8888.0,\"type\":1}],\"total\":4},\"msg\":\"success\"}',5),(491,NULL,'2024-09-26 14:55:58','com.loginmodule.controller.DisplayController','page','[1, 10, , null, null, null, null]','{\"code\":1,\"data\":{\"rows\":[{\"name\":\"雪糕刺客\",\"num\":43,\"price\":10.0,\"type\":7},{\"name\":\"冰棒\",\"num\":51,\"price\":3.0,\"type\":10},{\"name\":\"thinkbook14\",\"num\":10,\"price\":5888.0,\"type\":1},{\"name\":\"thinkbook16\",\"num\":17,\"price\":8888.0,\"type\":1}],\"total\":4},\"msg\":\"success\"}',4),(492,NULL,'2024-09-26 14:56:10','com.loginmodule.controller.DisplayController','page','[1, 10, , null, null, null, null]','{\"code\":1,\"data\":{\"rows\":[{\"name\":\"雪糕刺客\",\"num\":43,\"price\":10.0,\"type\":7},{\"name\":\"冰棒\",\"num\":51,\"price\":3.0,\"type\":10},{\"name\":\"thinkbook14\",\"num\":10,\"price\":5888.0,\"type\":1},{\"name\":\"thinkbook16\",\"num\":17,\"price\":8888.0,\"type\":1}],\"total\":4},\"msg\":\"success\"}',5),(493,NULL,'2024-09-26 14:57:21','com.loginmodule.controller.DisplayController','page','[1, 10, , null, null, null, null]','{\"code\":1,\"data\":{\"rows\":[{\"name\":\"雪糕刺客\",\"num\":43,\"price\":10.0,\"type\":7},{\"name\":\"冰棒\",\"num\":51,\"price\":3.0,\"type\":10},{\"name\":\"thinkbook14\",\"num\":10,\"price\":5888.0,\"type\":1},{\"name\":\"thinkbook16\",\"num\":17,\"price\":8888.0,\"type\":1}],\"total\":4},\"msg\":\"success\"}',3),(494,NULL,'2024-09-26 14:57:25','com.loginmodule.controller.DisplayController','page','[1, 10, , null, null, null, null]','{\"code\":1,\"data\":{\"rows\":[{\"name\":\"雪糕刺客\",\"num\":43,\"price\":10.0,\"type\":7},{\"name\":\"冰棒\",\"num\":51,\"price\":3.0,\"type\":10},{\"name\":\"thinkbook14\",\"num\":10,\"price\":5888.0,\"type\":1},{\"name\":\"thinkbook16\",\"num\":17,\"price\":8888.0,\"type\":1}],\"total\":4},\"msg\":\"success\"}',4),(495,NULL,'2024-09-26 14:58:25','com.loginmodule.controller.DisplayController','page','[1, 10, , null, null, null, null]','{\"code\":1,\"data\":{\"rows\":[{\"name\":\"雪糕刺客\",\"num\":43,\"price\":10.0,\"type\":7},{\"name\":\"冰棒\",\"num\":51,\"price\":3.0,\"type\":10},{\"name\":\"thinkbook14\",\"num\":10,\"price\":5888.0,\"type\":1},{\"name\":\"thinkbook16\",\"num\":17,\"price\":8888.0,\"type\":1}],\"total\":4},\"msg\":\"success\"}',3),(496,NULL,'2024-09-26 14:58:31','com.loginmodule.controller.DisplayController','page','[1, 10, , null, null, null, null]','{\"code\":1,\"data\":{\"rows\":[{\"name\":\"雪糕刺客\",\"num\":43,\"price\":10.0,\"type\":7},{\"name\":\"冰棒\",\"num\":51,\"price\":3.0,\"type\":10},{\"name\":\"thinkbook14\",\"num\":10,\"price\":5888.0,\"type\":1},{\"name\":\"thinkbook16\",\"num\":17,\"price\":8888.0,\"type\":1}],\"total\":4},\"msg\":\"success\"}',4),(497,NULL,'2024-09-26 14:59:27','com.loginmodule.controller.DisplayController','page','[1, 10, , null, null, null, null]','{\"code\":1,\"data\":{\"rows\":[{\"name\":\"雪糕刺客\",\"num\":43,\"price\":10.0,\"type\":7},{\"name\":\"冰棒\",\"num\":51,\"price\":3.0,\"type\":10},{\"name\":\"thinkbook14\",\"num\":10,\"price\":5888.0,\"type\":1},{\"name\":\"thinkbook16\",\"num\":17,\"price\":8888.0,\"type\":1}],\"total\":4},\"msg\":\"success\"}',4),(498,NULL,'2024-09-26 14:59:29','com.loginmodule.controller.DisplayController','page','[1, 10, , null, null, null, null]','{\"code\":1,\"data\":{\"rows\":[{\"name\":\"雪糕刺客\",\"num\":43,\"price\":10.0,\"type\":7},{\"name\":\"冰棒\",\"num\":51,\"price\":3.0,\"type\":10},{\"name\":\"thinkbook14\",\"num\":10,\"price\":5888.0,\"type\":1},{\"name\":\"thinkbook16\",\"num\":17,\"price\":8888.0,\"type\":1}],\"total\":4},\"msg\":\"success\"}',3),(499,NULL,'2024-09-26 15:01:13','com.loginmodule.controller.DisplayController','page','[1, 10, , null, null, null, null]','{\"code\":1,\"data\":{\"rows\":[{\"name\":\"雪糕刺客\",\"num\":43,\"price\":10.0,\"type\":7},{\"name\":\"冰棒\",\"num\":51,\"price\":3.0,\"type\":10},{\"name\":\"thinkbook14\",\"num\":10,\"price\":5888.0,\"type\":1},{\"name\":\"thinkbook16\",\"num\":17,\"price\":8888.0,\"type\":1}],\"total\":4},\"msg\":\"success\"}',3),(500,NULL,'2024-09-26 15:08:45','com.loginmodule.controller.DisplayController','page','[1, 10, , null, null, null, null]','{\"code\":1,\"data\":{\"rows\":[{\"name\":\"雪糕刺客\",\"num\":43,\"price\":10.0,\"type\":7},{\"name\":\"冰棒\",\"num\":51,\"price\":3.0,\"type\":10},{\"name\":\"thinkbook14\",\"num\":10,\"price\":5888.0,\"type\":1},{\"name\":\"thinkbook16\",\"num\":17,\"price\":8888.0,\"type\":1}],\"total\":4},\"msg\":\"success\"}',3),(501,5,'2024-09-26 15:09:13','com.loginmodule.controller.ShopManageController','insertGood','[Good(goodId=null, shopId=1, name=小新, price=3888.0, num=15, image=null, type=1)]','{\"code\":1,\"msg\":\"success\"}',9),(502,NULL,'2024-09-26 15:11:24','com.loginmodule.controller.DisplayController','page','[1, 10, , null, null, null, null]','{\"code\":1,\"data\":{\"rows\":[{\"name\":\"雪糕刺客\",\"num\":43,\"price\":10.0,\"type\":7},{\"name\":\"冰棒\",\"num\":51,\"price\":3.0,\"type\":10},{\"name\":\"thinkbook14\",\"num\":10,\"price\":5888.0,\"type\":1},{\"name\":\"thinkbook16\",\"num\":17,\"price\":8888.0,\"type\":1},{\"name\":\"小新\",\"num\":15,\"price\":3888.0,\"type\":1}],\"total\":5},\"msg\":\"success\"}',3),(503,5,'2024-09-26 15:11:52','com.loginmodule.controller.ShopManageController','insertGood','[Good(goodId=null, shopId=1, name=小新pro, price=4888.0, num=32, image=null, type=1)]','{\"code\":1,\"msg\":\"success\"}',4),(504,NULL,'2024-09-26 15:11:52','com.loginmodule.controller.DisplayController','page','[1, 10, , null, null, null, null]','{\"code\":1,\"data\":{\"rows\":[{\"name\":\"thinkbook14\",\"num\":10,\"price\":5888.0,\"type\":1},{\"name\":\"thinkbook16\",\"num\":17,\"price\":8888.0,\"type\":1},{\"name\":\"小新\",\"num\":15,\"price\":3888.0,\"type\":1},{\"name\":\"小新pro\",\"num\":32,\"price\":4888.0,\"type\":1},{\"name\":\"雪糕刺客\",\"num\":43,\"price\":10.0,\"type\":7},{\"name\":\"冰棒\",\"num\":51,\"price\":3.0,\"type\":10}],\"total\":6},\"msg\":\"success\"}',3),(505,NULL,'2024-09-26 15:14:33','com.loginmodule.controller.DisplayController','page','[1, 10, , null, null, null, null]','{\"code\":1,\"data\":{\"rows\":[{\"name\":\"thinkbook14\",\"num\":10,\"price\":5888.0,\"type\":1},{\"name\":\"thinkbook16\",\"num\":17,\"price\":8888.0,\"type\":1},{\"name\":\"小新\",\"num\":15,\"price\":3888.0,\"type\":1},{\"name\":\"小新pro\",\"num\":32,\"price\":4888.0,\"type\":1},{\"name\":\"雪糕刺客\",\"num\":43,\"price\":10.0,\"type\":7},{\"name\":\"冰棒\",\"num\":51,\"price\":3.0,\"type\":10}],\"total\":6},\"msg\":\"success\"}',3),(506,5,'2024-09-26 15:14:44','com.loginmodule.controller.ShopManageController','insertGood','[Good(goodId=null, shopId=1, name=thinkbook14, price=5988.0, num=10, image=null, type=1)]','{\"code\":0,\"msg\":\"本店已存在该商品，请直接修改数目。\"}',2),(507,NULL,'2024-09-26 15:19:59','com.loginmodule.controller.DisplayController','page','[1, 10, , null, null, null, null]','{\"code\":1,\"data\":{\"rows\":[{\"name\":\"thinkbook14\",\"num\":10,\"price\":5888.0,\"type\":1},{\"name\":\"thinkbook16\",\"num\":17,\"price\":8888.0,\"type\":1},{\"name\":\"小新\",\"num\":15,\"price\":3888.0,\"type\":1},{\"name\":\"小新pro\",\"num\":32,\"price\":4888.0,\"type\":1},{\"name\":\"雪糕刺客\",\"num\":43,\"price\":10.0,\"type\":7},{\"name\":\"冰棒\",\"num\":51,\"price\":3.0,\"type\":10}],\"total\":6},\"msg\":\"success\"}',3),(508,5,'2024-09-26 15:22:10','com.loginmodule.controller.ShopManageController','updateGood','[Good(goodId=null, shopId=1, name=thinkbook14, price=5888.0, num=10, image=null, type=1)]','{\"code\":1,\"msg\":\"success\"}',230),(509,NULL,'2024-09-26 15:22:11','com.loginmodule.controller.DisplayController','page','[1, 10, , null, null, null, null]','{\"code\":1,\"data\":{\"rows\":[{\"name\":\"雪糕刺客\",\"num\":43,\"price\":10.0,\"type\":7},{\"name\":\"冰棒\",\"num\":51,\"price\":3.0,\"type\":10},{\"name\":\"thinkbook14\",\"num\":10,\"price\":5888.0,\"type\":1},{\"name\":\"thinkbook16\",\"num\":17,\"price\":8888.0,\"type\":1},{\"name\":\"小新\",\"num\":15,\"price\":3888.0,\"type\":1},{\"name\":\"小新pro\",\"num\":32,\"price\":4888.0,\"type\":1}],\"total\":6},\"msg\":\"success\"}',65),(510,5,'2024-09-26 15:23:02','com.loginmodule.controller.ShopManageController','updateGood','[Good(goodId=null, shopId=1, name=小新15, price=3888.0, num=15, image=null, type=1)]','{\"code\":1,\"msg\":\"success\"}',2),(511,NULL,'2024-09-26 15:23:02','com.loginmodule.controller.DisplayController','page','[1, 10, , null, null, null, null]','{\"code\":1,\"data\":{\"rows\":[{\"name\":\"雪糕刺客\",\"num\":43,\"price\":10.0,\"type\":7},{\"name\":\"冰棒\",\"num\":51,\"price\":3.0,\"type\":10},{\"name\":\"thinkbook14\",\"num\":10,\"price\":5888.0,\"type\":1},{\"name\":\"thinkbook16\",\"num\":17,\"price\":8888.0,\"type\":1},{\"name\":\"小新\",\"num\":15,\"price\":3888.0,\"type\":1},{\"name\":\"小新pro\",\"num\":32,\"price\":4888.0,\"type\":1}],\"total\":6},\"msg\":\"success\"}',6),(512,NULL,'2024-09-26 15:25:24','com.loginmodule.controller.DisplayController','page','[1, 10, , null, null, null, null]','{\"code\":1,\"data\":{\"rows\":[{\"name\":\"雪糕刺客\",\"num\":43,\"price\":10.0,\"type\":7},{\"name\":\"冰棒\",\"num\":51,\"price\":3.0,\"type\":10},{\"name\":\"thinkbook14\",\"num\":10,\"price\":5888.0,\"type\":1},{\"name\":\"thinkbook16\",\"num\":17,\"price\":8888.0,\"type\":1},{\"name\":\"小新\",\"num\":15,\"price\":3888.0,\"type\":1},{\"name\":\"小新pro\",\"num\":32,\"price\":4888.0,\"type\":1}],\"total\":6},\"msg\":\"success\"}',7),(513,5,'2024-09-26 15:25:32','com.loginmodule.controller.ShopManageController','updateGood','[Good(goodId=null, shopId=1, name=小新15, price=3888.0, num=15, image=null, type=1)]','{\"code\":1,\"msg\":\"success\"}',2),(514,NULL,'2024-09-26 15:25:32','com.loginmodule.controller.DisplayController','page','[1, 10, , null, null, null, null]','{\"code\":1,\"data\":{\"rows\":[{\"name\":\"雪糕刺客\",\"num\":43,\"price\":10.0,\"type\":7},{\"name\":\"冰棒\",\"num\":51,\"price\":3.0,\"type\":10},{\"name\":\"thinkbook14\",\"num\":10,\"price\":5888.0,\"type\":1},{\"name\":\"thinkbook16\",\"num\":17,\"price\":8888.0,\"type\":1},{\"name\":\"小新\",\"num\":15,\"price\":3888.0,\"type\":1},{\"name\":\"小新pro\",\"num\":32,\"price\":4888.0,\"type\":1}],\"total\":6},\"msg\":\"success\"}',6),(515,NULL,'2024-09-26 15:26:34','com.loginmodule.controller.DisplayController','page','[1, 10, , null, null, null, null]','{\"code\":1,\"data\":{\"rows\":[{\"name\":\"雪糕刺客\",\"num\":43,\"price\":10.0,\"type\":7},{\"name\":\"冰棒\",\"num\":51,\"price\":3.0,\"type\":10},{\"name\":\"thinkbook14\",\"num\":10,\"price\":5888.0,\"type\":1},{\"name\":\"thinkbook16\",\"num\":17,\"price\":8888.0,\"type\":1},{\"name\":\"小新\",\"num\":15,\"price\":3888.0,\"type\":1},{\"name\":\"小新pro\",\"num\":32,\"price\":4888.0,\"type\":1}],\"total\":6},\"msg\":\"success\"}',5),(516,5,'2024-09-26 15:26:44','com.loginmodule.controller.ShopManageController','updateGood','[Good(goodId=null, shopId=1, name=小新15, price=3888.0, num=15, image=null, type=1)]','{\"code\":1,\"msg\":\"success\"}',2),(517,NULL,'2024-09-26 15:26:44','com.loginmodule.controller.DisplayController','page','[1, 10, , null, null, null, null]','{\"code\":1,\"data\":{\"rows\":[{\"name\":\"雪糕刺客\",\"num\":43,\"price\":10.0,\"type\":7},{\"name\":\"冰棒\",\"num\":51,\"price\":3.0,\"type\":10},{\"name\":\"thinkbook14\",\"num\":10,\"price\":5888.0,\"type\":1},{\"name\":\"thinkbook16\",\"num\":17,\"price\":8888.0,\"type\":1},{\"name\":\"小新\",\"num\":15,\"price\":3888.0,\"type\":1},{\"name\":\"小新pro\",\"num\":32,\"price\":4888.0,\"type\":1}],\"total\":6},\"msg\":\"success\"}',5),(518,NULL,'2024-09-26 15:28:24','com.loginmodule.controller.DisplayController','page','[1, 10, , null, null, null, null]','{\"code\":1,\"data\":{\"rows\":[{\"name\":\"雪糕刺客\",\"num\":43,\"price\":10.0,\"type\":7},{\"name\":\"冰棒\",\"num\":51,\"price\":3.0,\"type\":10},{\"name\":\"thinkbook14\",\"num\":10,\"price\":5888.0,\"type\":1},{\"name\":\"thinkbook16\",\"num\":17,\"price\":8888.0,\"type\":1},{\"name\":\"小新\",\"num\":15,\"price\":3888.0,\"type\":1},{\"name\":\"小新pro\",\"num\":32,\"price\":4888.0,\"type\":1}],\"total\":6},\"msg\":\"success\"}',6),(519,NULL,'2024-09-26 15:28:28','com.loginmodule.controller.DisplayController','page','[1, 10, , null, null, null, null]','{\"code\":1,\"data\":{\"rows\":[{\"name\":\"雪糕刺客\",\"num\":43,\"price\":10.0,\"type\":7},{\"name\":\"冰棒\",\"num\":51,\"price\":3.0,\"type\":10},{\"name\":\"thinkbook14\",\"num\":10,\"price\":5888.0,\"type\":1},{\"name\":\"thinkbook16\",\"num\":17,\"price\":8888.0,\"type\":1},{\"name\":\"小新\",\"num\":15,\"price\":3888.0,\"type\":1},{\"name\":\"小新pro\",\"num\":32,\"price\":4888.0,\"type\":1}],\"total\":6},\"msg\":\"success\"}',6),(520,NULL,'2024-09-26 15:34:34','com.loginmodule.controller.DisplayController','page','[1, 10, , null, null, null, null]','{\"code\":1,\"data\":{\"rows\":[{\"name\":\"雪糕刺客\",\"num\":43,\"price\":10.0,\"type\":7},{\"name\":\"冰棒\",\"num\":51,\"price\":3.0,\"type\":10},{\"name\":\"thinkbook14\",\"num\":10,\"price\":5888.0,\"type\":1},{\"name\":\"thinkbook16\",\"num\":17,\"price\":8888.0,\"type\":1},{\"name\":\"小新\",\"num\":15,\"price\":3888.0,\"type\":1},{\"name\":\"小新pro\",\"num\":32,\"price\":4888.0,\"type\":1}],\"total\":6},\"msg\":\"success\"}',5),(521,NULL,'2024-09-26 15:34:46','com.loginmodule.controller.DisplayController','page','[1, 10, , null, null, null, null]','{\"code\":1,\"data\":{\"rows\":[{\"name\":\"雪糕刺客\",\"num\":43,\"price\":10.0,\"type\":7},{\"name\":\"冰棒\",\"num\":51,\"price\":3.0,\"type\":10},{\"name\":\"thinkbook14\",\"num\":10,\"price\":5888.0,\"type\":1},{\"name\":\"thinkbook16\",\"num\":17,\"price\":8888.0,\"type\":1},{\"name\":\"小新\",\"num\":15,\"price\":3888.0,\"type\":1},{\"name\":\"小新pro\",\"num\":32,\"price\":4888.0,\"type\":1}],\"total\":6},\"msg\":\"success\"}',5),(522,NULL,'2024-09-26 15:35:41','com.loginmodule.controller.DisplayController','page','[1, 10, null, null, null, null, null]','{\"code\":1,\"data\":{\"rows\":[{\"name\":\"雪糕刺客\",\"num\":43,\"price\":10.0,\"type\":7},{\"name\":\"冰棒\",\"num\":51,\"price\":3.0,\"type\":10},{\"name\":\"thinkbook14\",\"num\":10,\"price\":5888.0,\"type\":1},{\"name\":\"thinkbook16\",\"num\":17,\"price\":8888.0,\"type\":1},{\"name\":\"小新\",\"num\":15,\"price\":3888.0,\"type\":1},{\"name\":\"小新pro\",\"num\":32,\"price\":4888.0,\"type\":1}],\"total\":6},\"msg\":\"success\"}',13),(523,NULL,'2024-09-26 15:37:02','com.loginmodule.controller.DisplayController','page','[1, 10, , null, null, null, null]','{\"code\":1,\"data\":{\"rows\":[{\"goodId\":\"202409211622340386\",\"name\":\"雪糕刺客\",\"num\":43,\"price\":10.0,\"type\":7},{\"goodId\":\"202409221055450981\",\"name\":\"冰棒\",\"num\":51,\"price\":3.0,\"type\":10},{\"goodId\":\"202409221056200002\",\"name\":\"thinkbook14\",\"num\":10,\"price\":5888.0,\"type\":1},{\"goodId\":\"202409221056320220\",\"name\":\"thinkbook16\",\"num\":17,\"price\":8888.0,\"type\":1},{\"goodId\":\"202409261509130133\",\"name\":\"小新\",\"num\":15,\"price\":3888.0,\"type\":1},{\"goodId\":\"202409261511510934\",\"name\":\"小新pro\",\"num\":32,\"price\":4888.0,\"type\":1}],\"total\":6},\"msg\":\"success\"}',54),(524,NULL,'2024-09-26 15:38:30','com.loginmodule.controller.DisplayController','page','[1, 10, , null, null, null, null]','{\"code\":1,\"data\":{\"rows\":[{\"goodId\":\"202409211622340386\",\"name\":\"雪糕刺客\",\"num\":43,\"price\":10.0,\"type\":7},{\"goodId\":\"202409221055450981\",\"name\":\"冰棒\",\"num\":51,\"price\":3.0,\"type\":10},{\"goodId\":\"202409221056200002\",\"name\":\"thinkbook14\",\"num\":10,\"price\":5888.0,\"type\":1},{\"goodId\":\"202409221056320220\",\"name\":\"thinkbook16\",\"num\":17,\"price\":8888.0,\"type\":1},{\"goodId\":\"202409261509130133\",\"name\":\"小新\",\"num\":15,\"price\":3888.0,\"type\":1},{\"goodId\":\"202409261511510934\",\"name\":\"小新pro\",\"num\":32,\"price\":4888.0,\"type\":1}],\"total\":6},\"msg\":\"success\"}',6),(525,NULL,'2024-09-26 15:38:32','com.loginmodule.controller.DisplayController','page','[1, 10, , null, null, null, null]','{\"code\":1,\"data\":{\"rows\":[{\"goodId\":\"202409211622340386\",\"name\":\"雪糕刺客\",\"num\":43,\"price\":10.0,\"type\":7},{\"goodId\":\"202409221055450981\",\"name\":\"冰棒\",\"num\":51,\"price\":3.0,\"type\":10},{\"goodId\":\"202409221056200002\",\"name\":\"thinkbook14\",\"num\":10,\"price\":5888.0,\"type\":1},{\"goodId\":\"202409221056320220\",\"name\":\"thinkbook16\",\"num\":17,\"price\":8888.0,\"type\":1},{\"goodId\":\"202409261509130133\",\"name\":\"小新\",\"num\":15,\"price\":3888.0,\"type\":1},{\"goodId\":\"202409261511510934\",\"name\":\"小新pro\",\"num\":32,\"price\":4888.0,\"type\":1}],\"total\":6},\"msg\":\"success\"}',5),(526,NULL,'2024-09-26 15:38:34','com.loginmodule.controller.DisplayController','page','[1, 10, , null, null, null, null]','{\"code\":1,\"data\":{\"rows\":[{\"goodId\":\"202409211622340386\",\"name\":\"雪糕刺客\",\"num\":43,\"price\":10.0,\"type\":7},{\"goodId\":\"202409221055450981\",\"name\":\"冰棒\",\"num\":51,\"price\":3.0,\"type\":10},{\"goodId\":\"202409221056200002\",\"name\":\"thinkbook14\",\"num\":10,\"price\":5888.0,\"type\":1},{\"goodId\":\"202409221056320220\",\"name\":\"thinkbook16\",\"num\":17,\"price\":8888.0,\"type\":1},{\"goodId\":\"202409261509130133\",\"name\":\"小新\",\"num\":15,\"price\":3888.0,\"type\":1},{\"goodId\":\"202409261511510934\",\"name\":\"小新pro\",\"num\":32,\"price\":4888.0,\"type\":1}],\"total\":6},\"msg\":\"success\"}',6),(527,5,'2024-09-26 15:38:39','com.loginmodule.controller.ShopManageController','updateGood','[Good(goodId=202409261509130133, shopId=1, name=小新15, price=3888.0, num=15, image=null, type=1)]','{\"code\":1,\"msg\":\"success\"}',5),(528,NULL,'2024-09-26 15:38:39','com.loginmodule.controller.DisplayController','page','[1, 10, , null, null, null, null]','{\"code\":1,\"data\":{\"rows\":[{\"goodId\":\"202409211622340386\",\"name\":\"雪糕刺客\",\"num\":43,\"price\":10.0,\"type\":7},{\"goodId\":\"202409221055450981\",\"name\":\"冰棒\",\"num\":51,\"price\":3.0,\"type\":10},{\"goodId\":\"202409221056200002\",\"name\":\"thinkbook14\",\"num\":10,\"price\":5888.0,\"type\":1},{\"goodId\":\"202409221056320220\",\"name\":\"thinkbook16\",\"num\":17,\"price\":8888.0,\"type\":1},{\"goodId\":\"202409261509130133\",\"name\":\"小新15\",\"num\":15,\"price\":3888.0,\"type\":1},{\"goodId\":\"202409261511510934\",\"name\":\"小新pro\",\"num\":32,\"price\":4888.0,\"type\":1}],\"total\":6},\"msg\":\"success\"}',5),(529,NULL,'2024-09-26 15:46:20','com.loginmodule.controller.DisplayController','page','[1, 10, , null, 1, null, null]','{\"code\":1,\"data\":{\"rows\":[{\"goodId\":\"202409221056200002\",\"name\":\"thinkbook14\",\"num\":10,\"price\":5888.0,\"type\":1},{\"goodId\":\"202409221056320220\",\"name\":\"thinkbook16\",\"num\":17,\"price\":8888.0,\"type\":1},{\"goodId\":\"202409261509130133\",\"name\":\"小新15\",\"num\":15,\"price\":3888.0,\"type\":1},{\"goodId\":\"202409261511510934\",\"name\":\"小新pro\",\"num\":32,\"price\":4888.0,\"type\":1}],\"total\":4},\"msg\":\"success\"}',54),(530,NULL,'2024-09-26 15:48:21','com.loginmodule.controller.DisplayController','page','[1, 10, , null, 1, null, null]','{\"code\":1,\"data\":{\"rows\":[{\"goodId\":\"202409221056200002\",\"name\":\"thinkbook14\",\"num\":10,\"price\":5888.0,\"type\":1},{\"goodId\":\"202409221056320220\",\"name\":\"thinkbook16\",\"num\":17,\"price\":8888.0,\"type\":1},{\"goodId\":\"202409261509130133\",\"name\":\"小新15\",\"num\":15,\"price\":3888.0,\"type\":1},{\"goodId\":\"202409261511510934\",\"name\":\"小新pro\",\"num\":32,\"price\":4888.0,\"type\":1}],\"total\":4},\"msg\":\"success\"}',57),(531,NULL,'2024-09-26 15:48:28','com.loginmodule.controller.DisplayController','page','[1, 10, thinkbook, null, 1, null, null]','{\"code\":1,\"data\":{\"rows\":[{\"goodId\":\"202409221056200002\",\"name\":\"thinkbook14\",\"num\":10,\"price\":5888.0,\"type\":1},{\"goodId\":\"202409221056320220\",\"name\":\"thinkbook16\",\"num\":17,\"price\":8888.0,\"type\":1}],\"total\":2},\"msg\":\"success\"}',11),(532,NULL,'2024-09-26 15:48:31','com.loginmodule.controller.DisplayController','page','[1, 10, thinkbook, 1, 1, null, null]','{\"code\":1,\"data\":{\"rows\":[{\"goodId\":\"202409221056200002\",\"name\":\"thinkbook14\",\"num\":10,\"price\":5888.0,\"type\":1},{\"goodId\":\"202409221056320220\",\"name\":\"thinkbook16\",\"num\":17,\"price\":8888.0,\"type\":1}],\"total\":2},\"msg\":\"success\"}',17),(533,NULL,'2024-09-26 16:42:26','com.loginmodule.controller.DisplayController','page','[1, 10, , null, 1, null, null]','{\"code\":1,\"data\":{\"rows\":[{\"goodId\":\"202409221056200002\",\"name\":\"thinkbook14\",\"num\":10,\"price\":5888.0,\"type\":1},{\"goodId\":\"202409221056320220\",\"name\":\"thinkbook16\",\"num\":17,\"price\":8888.0,\"type\":1},{\"goodId\":\"202409261509130133\",\"name\":\"小新15\",\"num\":15,\"price\":3888.0,\"type\":1},{\"goodId\":\"202409261511510934\",\"name\":\"小新pro\",\"num\":32,\"price\":4888.0,\"type\":1}],\"total\":4},\"msg\":\"success\"}',65),(534,NULL,'2024-09-26 16:42:49','com.loginmodule.controller.DisplayController','page','[1, 10, , null, 1, null, null]','{\"code\":1,\"data\":{\"rows\":[{\"goodId\":\"202409221056200002\",\"name\":\"thinkbook14\",\"num\":10,\"price\":5888.0,\"type\":1},{\"goodId\":\"202409221056320220\",\"name\":\"thinkbook16\",\"num\":17,\"price\":8888.0,\"type\":1},{\"goodId\":\"202409261509130133\",\"name\":\"小新15\",\"num\":15,\"price\":3888.0,\"type\":1},{\"goodId\":\"202409261511510934\",\"name\":\"小新pro\",\"num\":32,\"price\":4888.0,\"type\":1}],\"total\":4},\"msg\":\"success\"}',6),(535,NULL,'2024-09-26 16:42:52','com.loginmodule.controller.DisplayController','page','[1, 20, , null, null, null, null]','{\"code\":1,\"data\":{\"rows\":[{\"goodId\":\"202409211622340386\",\"name\":\"雪糕刺客\",\"num\":43,\"price\":10.0,\"type\":7},{\"goodId\":\"202409221055450981\",\"name\":\"冰棒\",\"num\":51,\"price\":3.0,\"type\":10},{\"goodId\":\"202409221056200002\",\"name\":\"thinkbook14\",\"num\":10,\"price\":5888.0,\"type\":1},{\"goodId\":\"202409221056320220\",\"name\":\"thinkbook16\",\"num\":17,\"price\":8888.0,\"type\":1},{\"goodId\":\"202409261509130133\",\"name\":\"小新15\",\"num\":15,\"price\":3888.0,\"type\":1},{\"goodId\":\"202409261511510934\",\"name\":\"小新pro\",\"num\":32,\"price\":4888.0,\"type\":1}],\"total\":6},\"msg\":\"success\"}',6),(536,NULL,'2024-09-26 16:44:22','com.loginmodule.controller.DisplayController','page','[1, 10, , null, 1, null, null]','{\"code\":1,\"data\":{\"rows\":[{\"goodId\":\"202409221056200002\",\"name\":\"thinkbook14\",\"num\":10,\"price\":5888.0,\"type\":1},{\"goodId\":\"202409221056320220\",\"name\":\"thinkbook16\",\"num\":17,\"price\":8888.0,\"type\":1},{\"goodId\":\"202409261509130133\",\"name\":\"小新15\",\"num\":15,\"price\":3888.0,\"type\":1},{\"goodId\":\"202409261511510934\",\"name\":\"小新pro\",\"num\":32,\"price\":4888.0,\"type\":1}],\"total\":4},\"msg\":\"success\"}',16),(537,NULL,'2024-09-26 16:46:04','com.loginmodule.controller.DisplayController','page','[1, 10, , null, 1, null, null]','{\"code\":1,\"data\":{\"rows\":[{\"goodId\":\"202409221056200002\",\"name\":\"thinkbook14\",\"num\":10,\"price\":5888.0,\"type\":1},{\"goodId\":\"202409221056320220\",\"name\":\"thinkbook16\",\"num\":17,\"price\":8888.0,\"type\":1},{\"goodId\":\"202409261509130133\",\"name\":\"小新15\",\"num\":15,\"price\":3888.0,\"type\":1},{\"goodId\":\"202409261511510934\",\"name\":\"小新pro\",\"num\":32,\"price\":4888.0,\"type\":1}],\"total\":4},\"msg\":\"success\"}',5),(538,NULL,'2024-09-26 16:46:22','com.loginmodule.controller.DisplayController','page','[1, 10, , null, 1, null, null]','{\"code\":1,\"data\":{\"rows\":[{\"goodId\":\"202409221056200002\",\"name\":\"thinkbook14\",\"num\":10,\"price\":5888.0,\"type\":1},{\"goodId\":\"202409221056320220\",\"name\":\"thinkbook16\",\"num\":17,\"price\":8888.0,\"type\":1},{\"goodId\":\"202409261509130133\",\"name\":\"小新15\",\"num\":15,\"price\":3888.0,\"type\":1},{\"goodId\":\"202409261511510934\",\"name\":\"小新pro\",\"num\":32,\"price\":4888.0,\"type\":1}],\"total\":4},\"msg\":\"success\"}',7),(539,NULL,'2024-09-26 16:48:30','com.loginmodule.controller.DisplayController','page','[1, 10, , null, 1, null, null]','{\"code\":1,\"data\":{\"rows\":[{\"goodId\":\"202409221056200002\",\"name\":\"thinkbook14\",\"num\":10,\"price\":5888.0,\"type\":1},{\"goodId\":\"202409221056320220\",\"name\":\"thinkbook16\",\"num\":17,\"price\":8888.0,\"type\":1},{\"goodId\":\"202409261509130133\",\"name\":\"小新15\",\"num\":15,\"price\":3888.0,\"type\":1},{\"goodId\":\"202409261511510934\",\"name\":\"小新pro\",\"num\":32,\"price\":4888.0,\"type\":1}],\"total\":4},\"msg\":\"success\"}',6),(540,NULL,'2024-09-26 16:48:48','com.loginmodule.controller.DisplayController','page','[1, 10, , null, 1, null, null]','{\"code\":1,\"data\":{\"rows\":[{\"goodId\":\"202409221056200002\",\"name\":\"thinkbook14\",\"num\":10,\"price\":5888.0,\"type\":1},{\"goodId\":\"202409221056320220\",\"name\":\"thinkbook16\",\"num\":17,\"price\":8888.0,\"type\":1},{\"goodId\":\"202409261509130133\",\"name\":\"小新15\",\"num\":15,\"price\":3888.0,\"type\":1},{\"goodId\":\"202409261511510934\",\"name\":\"小新pro\",\"num\":32,\"price\":4888.0,\"type\":1}],\"total\":4},\"msg\":\"success\"}',4),(541,NULL,'2024-09-26 16:52:14','com.loginmodule.controller.DisplayController','page','[1, 10, , null, 1, null, null]','{\"code\":1,\"data\":{\"rows\":[{\"goodId\":\"202409221056200002\",\"name\":\"thinkbook14\",\"num\":10,\"price\":5888.0,\"type\":1},{\"goodId\":\"202409221056320220\",\"name\":\"thinkbook16\",\"num\":17,\"price\":8888.0,\"type\":1},{\"goodId\":\"202409261509130133\",\"name\":\"小新15\",\"num\":15,\"price\":3888.0,\"type\":1},{\"goodId\":\"202409261511510934\",\"name\":\"小新pro\",\"num\":32,\"price\":4888.0,\"type\":1}],\"total\":4},\"msg\":\"success\"}',6),(542,NULL,'2024-09-26 16:52:16','com.loginmodule.controller.DisplayController','page','[1, 10, , null, 1, null, null]','{\"code\":1,\"data\":{\"rows\":[{\"goodId\":\"202409221056200002\",\"name\":\"thinkbook14\",\"num\":10,\"price\":5888.0,\"type\":1},{\"goodId\":\"202409221056320220\",\"name\":\"thinkbook16\",\"num\":17,\"price\":8888.0,\"type\":1},{\"goodId\":\"202409261509130133\",\"name\":\"小新15\",\"num\":15,\"price\":3888.0,\"type\":1},{\"goodId\":\"202409261511510934\",\"name\":\"小新pro\",\"num\":32,\"price\":4888.0,\"type\":1}],\"total\":4},\"msg\":\"success\"}',4),(543,NULL,'2024-09-26 16:53:44','com.loginmodule.controller.DisplayController','page','[1, 10, , null, 1, null, null]','{\"code\":1,\"data\":{\"rows\":[{\"goodId\":\"202409221056200002\",\"name\":\"thinkbook14\",\"num\":10,\"price\":5888.0,\"type\":1},{\"goodId\":\"202409221056320220\",\"name\":\"thinkbook16\",\"num\":17,\"price\":8888.0,\"type\":1},{\"goodId\":\"202409261509130133\",\"name\":\"小新15\",\"num\":15,\"price\":3888.0,\"type\":1},{\"goodId\":\"202409261511510934\",\"name\":\"小新pro\",\"num\":32,\"price\":4888.0,\"type\":1}],\"total\":4},\"msg\":\"success\"}',5),(544,5,'2024-09-26 16:53:58','com.loginmodule.controller.ShopManageController','updateGood','[Good(goodId=202409221056200002, shopId=1, name=thinkbook14, price=5888.0, num=10, image=null, type=2)]','{\"code\":1,\"msg\":\"success\"}',5),(545,NULL,'2024-09-26 16:53:58','com.loginmodule.controller.DisplayController','page','[1, 10, , null, 1, null, null]','{\"code\":1,\"data\":{\"rows\":[{\"goodId\":\"202409221056200002\",\"name\":\"thinkbook14\",\"num\":10,\"price\":5888.0,\"type\":2},{\"goodId\":\"202409221056320220\",\"name\":\"thinkbook16\",\"num\":17,\"price\":8888.0,\"type\":1},{\"goodId\":\"202409261509130133\",\"name\":\"小新15\",\"num\":15,\"price\":3888.0,\"type\":1},{\"goodId\":\"202409261511510934\",\"name\":\"小新pro\",\"num\":32,\"price\":4888.0,\"type\":1}],\"total\":4},\"msg\":\"success\"}',4),(546,5,'2024-09-26 16:54:04','com.loginmodule.controller.ShopManageController','updateGood','[Good(goodId=202409221056200002, shopId=1, name=thinkbook14, price=5888.0, num=10, image=null, type=1)]','{\"code\":1,\"msg\":\"success\"}',3),(547,NULL,'2024-09-26 16:54:04','com.loginmodule.controller.DisplayController','page','[1, 10, , null, 1, null, null]','{\"code\":1,\"data\":{\"rows\":[{\"goodId\":\"202409221056200002\",\"name\":\"thinkbook14\",\"num\":10,\"price\":5888.0,\"type\":1},{\"goodId\":\"202409221056320220\",\"name\":\"thinkbook16\",\"num\":17,\"price\":8888.0,\"type\":1},{\"goodId\":\"202409261509130133\",\"name\":\"小新15\",\"num\":15,\"price\":3888.0,\"type\":1},{\"goodId\":\"202409261511510934\",\"name\":\"小新pro\",\"num\":32,\"price\":4888.0,\"type\":1}],\"total\":4},\"msg\":\"success\"}',5),(548,NULL,'2024-09-26 16:55:32','com.loginmodule.controller.DisplayController','page','[1, 10, , null, 1, null, null]','{\"code\":1,\"data\":{\"rows\":[{\"goodId\":\"202409221056200002\",\"name\":\"thinkbook14\",\"num\":10,\"price\":5888.0,\"type\":1},{\"goodId\":\"202409221056320220\",\"name\":\"thinkbook16\",\"num\":17,\"price\":8888.0,\"type\":1},{\"goodId\":\"202409261509130133\",\"name\":\"小新15\",\"num\":15,\"price\":3888.0,\"type\":1},{\"goodId\":\"202409261511510934\",\"name\":\"小新pro\",\"num\":32,\"price\":4888.0,\"type\":1}],\"total\":4},\"msg\":\"success\"}',5),(549,NULL,'2024-09-26 16:55:44','com.loginmodule.controller.DisplayController','page','[1, 10, , null, 1, null, null]','{\"code\":1,\"data\":{\"rows\":[{\"goodId\":\"202409221056200002\",\"name\":\"thinkbook14\",\"num\":10,\"price\":5888.0,\"type\":1},{\"goodId\":\"202409221056320220\",\"name\":\"thinkbook16\",\"num\":17,\"price\":8888.0,\"type\":1},{\"goodId\":\"202409261509130133\",\"name\":\"小新15\",\"num\":15,\"price\":3888.0,\"type\":1},{\"goodId\":\"202409261511510934\",\"name\":\"小新pro\",\"num\":32,\"price\":4888.0,\"type\":1}],\"total\":4},\"msg\":\"success\"}',5),(550,5,'2024-09-26 16:55:52','com.loginmodule.controller.ShopManageController','updateGood','[Good(goodId=202409221056200002, shopId=1, name=thinkbook14, price=5888.0, num=10, image=null, type=2)]','{\"code\":1,\"msg\":\"success\"}',5),(551,NULL,'2024-09-26 16:55:52','com.loginmodule.controller.DisplayController','page','[1, 10, , null, 1, null, null]','{\"code\":1,\"data\":{\"rows\":[{\"goodId\":\"202409221056200002\",\"name\":\"thinkbook14\",\"num\":10,\"price\":5888.0,\"type\":2},{\"goodId\":\"202409221056320220\",\"name\":\"thinkbook16\",\"num\":17,\"price\":8888.0,\"type\":1},{\"goodId\":\"202409261509130133\",\"name\":\"小新15\",\"num\":15,\"price\":3888.0,\"type\":1},{\"goodId\":\"202409261511510934\",\"name\":\"小新pro\",\"num\":32,\"price\":4888.0,\"type\":1}],\"total\":4},\"msg\":\"success\"}',4),(552,5,'2024-09-26 16:55:58','com.loginmodule.controller.ShopManageController','updateGood','[Good(goodId=202409221056200002, shopId=1, name=thinkbook14, price=5888.0, num=10, image=null, type=1)]','{\"code\":1,\"msg\":\"success\"}',5),(553,NULL,'2024-09-26 16:55:58','com.loginmodule.controller.DisplayController','page','[1, 10, , null, 1, null, null]','{\"code\":1,\"data\":{\"rows\":[{\"goodId\":\"202409221056200002\",\"name\":\"thinkbook14\",\"num\":10,\"price\":5888.0,\"type\":1},{\"goodId\":\"202409221056320220\",\"name\":\"thinkbook16\",\"num\":17,\"price\":8888.0,\"type\":1},{\"goodId\":\"202409261509130133\",\"name\":\"小新15\",\"num\":15,\"price\":3888.0,\"type\":1},{\"goodId\":\"202409261511510934\",\"name\":\"小新pro\",\"num\":32,\"price\":4888.0,\"type\":1}],\"total\":4},\"msg\":\"success\"}',4),(554,NULL,'2024-09-26 16:56:22','com.loginmodule.controller.DisplayController','page','[1, 20, , null, null, null, null]','{\"code\":1,\"data\":{\"rows\":[{\"goodId\":\"202409211622340386\",\"name\":\"雪糕刺客\",\"num\":43,\"price\":10.0,\"type\":7},{\"goodId\":\"202409221055450981\",\"name\":\"冰棒\",\"num\":51,\"price\":3.0,\"type\":10},{\"goodId\":\"202409221056200002\",\"name\":\"thinkbook14\",\"num\":10,\"price\":5888.0,\"type\":1},{\"goodId\":\"202409221056320220\",\"name\":\"thinkbook16\",\"num\":17,\"price\":8888.0,\"type\":1},{\"goodId\":\"202409261509130133\",\"name\":\"小新15\",\"num\":15,\"price\":3888.0,\"type\":1},{\"goodId\":\"202409261511510934\",\"name\":\"小新pro\",\"num\":32,\"price\":4888.0,\"type\":1}],\"total\":6},\"msg\":\"success\"}',4),(555,NULL,'2024-09-26 16:56:24','com.loginmodule.controller.DisplayController','page','[1, 20, , null, null, null, null]','{\"code\":1,\"data\":{\"rows\":[{\"goodId\":\"202409211622340386\",\"name\":\"雪糕刺客\",\"num\":43,\"price\":10.0,\"type\":7},{\"goodId\":\"202409221055450981\",\"name\":\"冰棒\",\"num\":51,\"price\":3.0,\"type\":10},{\"goodId\":\"202409221056200002\",\"name\":\"thinkbook14\",\"num\":10,\"price\":5888.0,\"type\":1},{\"goodId\":\"202409221056320220\",\"name\":\"thinkbook16\",\"num\":17,\"price\":8888.0,\"type\":1},{\"goodId\":\"202409261509130133\",\"name\":\"小新15\",\"num\":15,\"price\":3888.0,\"type\":1},{\"goodId\":\"202409261511510934\",\"name\":\"小新pro\",\"num\":32,\"price\":4888.0,\"type\":1}],\"total\":6},\"msg\":\"success\"}',4),(556,NULL,'2024-09-26 16:56:26','com.loginmodule.controller.DisplayController','page','[1, 20, , null, null, null, null]','{\"code\":1,\"data\":{\"rows\":[{\"goodId\":\"202409211622340386\",\"name\":\"雪糕刺客\",\"num\":43,\"price\":10.0,\"type\":7},{\"goodId\":\"202409221055450981\",\"name\":\"冰棒\",\"num\":51,\"price\":3.0,\"type\":10},{\"goodId\":\"202409221056200002\",\"name\":\"thinkbook14\",\"num\":10,\"price\":5888.0,\"type\":1},{\"goodId\":\"202409221056320220\",\"name\":\"thinkbook16\",\"num\":17,\"price\":8888.0,\"type\":1},{\"goodId\":\"202409261509130133\",\"name\":\"小新15\",\"num\":15,\"price\":3888.0,\"type\":1},{\"goodId\":\"202409261511510934\",\"name\":\"小新pro\",\"num\":32,\"price\":4888.0,\"type\":1}],\"total\":6},\"msg\":\"success\"}',4),(557,NULL,'2024-09-26 17:03:20','com.loginmodule.controller.DisplayController','page','[1, 20, , null, null, null, null]','{\"code\":1,\"data\":{\"rows\":[{\"goodId\":\"202409211622340386\",\"name\":\"雪糕刺客\",\"num\":43,\"price\":10.0,\"type\":7},{\"goodId\":\"202409221055450981\",\"name\":\"冰棒\",\"num\":51,\"price\":3.0,\"type\":10},{\"goodId\":\"202409221056200002\",\"name\":\"thinkbook14\",\"num\":10,\"price\":5888.0,\"type\":1},{\"goodId\":\"202409221056320220\",\"name\":\"thinkbook16\",\"num\":17,\"price\":8888.0,\"type\":1},{\"goodId\":\"202409261509130133\",\"name\":\"小新15\",\"num\":15,\"price\":3888.0,\"type\":1},{\"goodId\":\"202409261511510934\",\"name\":\"小新pro\",\"num\":32,\"price\":4888.0,\"type\":1}],\"total\":6},\"msg\":\"success\"}',5),(558,NULL,'2024-09-26 17:04:03','com.loginmodule.controller.DisplayController','page','[1, 20, , null, null, null, null]','{\"code\":1,\"data\":{\"rows\":[{\"goodId\":\"202409211622340386\",\"name\":\"雪糕刺客\",\"num\":43,\"price\":10.0,\"type\":7},{\"goodId\":\"202409221055450981\",\"name\":\"冰棒\",\"num\":51,\"price\":3.0,\"type\":10},{\"goodId\":\"202409221056200002\",\"name\":\"thinkbook14\",\"num\":10,\"price\":5888.0,\"type\":1},{\"goodId\":\"202409221056320220\",\"name\":\"thinkbook16\",\"num\":17,\"price\":8888.0,\"type\":1},{\"goodId\":\"202409261509130133\",\"name\":\"小新15\",\"num\":15,\"price\":3888.0,\"type\":1},{\"goodId\":\"202409261511510934\",\"name\":\"小新pro\",\"num\":32,\"price\":4888.0,\"type\":1}],\"total\":6},\"msg\":\"success\"}',5),(559,NULL,'2024-09-26 17:04:11','com.loginmodule.controller.DisplayController','page','[1, 20, , 1, null, null, null]','{\"code\":1,\"data\":{\"rows\":[{\"goodId\":\"202409221056200002\",\"name\":\"thinkbook14\",\"num\":10,\"price\":5888.0,\"type\":1},{\"goodId\":\"202409221056320220\",\"name\":\"thinkbook16\",\"num\":17,\"price\":8888.0,\"type\":1},{\"goodId\":\"202409261509130133\",\"name\":\"小新15\",\"num\":15,\"price\":3888.0,\"type\":1},{\"goodId\":\"202409261511510934\",\"name\":\"小新pro\",\"num\":32,\"price\":4888.0,\"type\":1}],\"total\":4},\"msg\":\"success\"}',4),(560,NULL,'2024-09-26 17:04:13','com.loginmodule.controller.DisplayController','page','[1, 20, , 10, null, null, null]','{\"code\":1,\"data\":{\"rows\":[{\"goodId\":\"202409221055450981\",\"name\":\"冰棒\",\"num\":51,\"price\":3.0,\"type\":10}],\"total\":1},\"msg\":\"success\"}',5),(561,NULL,'2024-09-26 17:04:15','com.loginmodule.controller.DisplayController','page','[1, 20, , null, null, null, null]','{\"code\":1,\"data\":{\"rows\":[{\"goodId\":\"202409211622340386\",\"name\":\"雪糕刺客\",\"num\":43,\"price\":10.0,\"type\":7},{\"goodId\":\"202409221055450981\",\"name\":\"冰棒\",\"num\":51,\"price\":3.0,\"type\":10},{\"goodId\":\"202409221056200002\",\"name\":\"thinkbook14\",\"num\":10,\"price\":5888.0,\"type\":1},{\"goodId\":\"202409221056320220\",\"name\":\"thinkbook16\",\"num\":17,\"price\":8888.0,\"type\":1},{\"goodId\":\"202409261509130133\",\"name\":\"小新15\",\"num\":15,\"price\":3888.0,\"type\":1},{\"goodId\":\"202409261511510934\",\"name\":\"小新pro\",\"num\":32,\"price\":4888.0,\"type\":1}],\"total\":6},\"msg\":\"success\"}',5),(562,NULL,'2024-09-26 17:04:40','com.loginmodule.controller.DisplayController','page','[1, 20, , null, null, null, null]','{\"code\":1,\"data\":{\"rows\":[{\"goodId\":\"202409221055450981\",\"name\":\"冰棒\",\"num\":51,\"price\":3.0,\"type\":10},{\"goodId\":\"202409221056200002\",\"name\":\"thinkbook14\",\"num\":10,\"price\":5888.0,\"type\":1},{\"goodId\":\"202409221056320220\",\"name\":\"thinkbook16\",\"num\":17,\"price\":8888.0,\"type\":1},{\"goodId\":\"202409261509130133\",\"name\":\"小新15\",\"num\":15,\"price\":3888.0,\"type\":1},{\"goodId\":\"202409261511510934\",\"name\":\"小新pro\",\"num\":32,\"price\":4888.0,\"type\":1}],\"total\":5},\"msg\":\"success\"}',4),(563,NULL,'2024-09-26 17:05:06','com.loginmodule.controller.DisplayController','page','[1, 20, , 2, null, null, null]','{\"code\":1,\"data\":{\"rows\":[],\"total\":0},\"msg\":\"success\"}',3),(564,NULL,'2024-09-26 17:05:06','com.loginmodule.controller.DisplayController','page','[1, 20, , null, null, null, null]','{\"code\":1,\"data\":{\"rows\":[{\"goodId\":\"202409221055450981\",\"name\":\"冰棒\",\"num\":51,\"price\":3.0,\"type\":10},{\"goodId\":\"202409221056200002\",\"name\":\"thinkbook14\",\"num\":10,\"price\":5888.0,\"type\":1},{\"goodId\":\"202409221056320220\",\"name\":\"thinkbook16\",\"num\":17,\"price\":8888.0,\"type\":1},{\"goodId\":\"202409261509130133\",\"name\":\"小新15\",\"num\":15,\"price\":3888.0,\"type\":1},{\"goodId\":\"202409261511510934\",\"name\":\"小新pro\",\"num\":32,\"price\":4888.0,\"type\":1}],\"total\":5},\"msg\":\"success\"}',4),(565,NULL,'2024-09-27 15:17:28','com.loginmodule.controller.DisplayController','page','[1, 20, , null, null, null, null]','{\"code\":1,\"data\":{\"rows\":[{\"goodId\":\"202409221055450981\",\"name\":\"冰棒\",\"num\":51,\"price\":3.0,\"type\":10},{\"goodId\":\"202409221056200002\",\"name\":\"thinkbook14\",\"num\":10,\"price\":5888.0,\"type\":1},{\"goodId\":\"202409221056320220\",\"name\":\"thinkbook16\",\"num\":17,\"price\":8888.0,\"type\":1},{\"goodId\":\"202409261509130133\",\"name\":\"小新15\",\"num\":15,\"price\":3888.0,\"type\":1},{\"goodId\":\"202409261511510934\",\"name\":\"小新pro\",\"num\":32,\"price\":4888.0,\"type\":1}],\"total\":5},\"msg\":\"success\"}',924);
/*!40000 ALTER TABLE `operate_log` ENABLE KEYS */;
UNLOCK TABLES;

--
-- Table structure for table `order_items`
--

DROP TABLE IF EXISTS `order_items`;
/*!40101 SET @saved_cs_client     = @@character_set_client */;
/*!50503 SET character_set_client = utf8mb4 */;
CREATE TABLE `order_items` (
  `id` int NOT NULL AUTO_INCREMENT,
  `orderId` varchar(32) DEFAULT NULL,
  `goodId` varchar(32) DEFAULT NULL,
  `buyNum` int DEFAULT NULL,
  PRIMARY KEY (`id`),
  KEY `orderId` (`orderId`),
  CONSTRAINT `order_items_ibfk_1` FOREIGN KEY (`orderId`) REFERENCES `orders` (`orderId`) ON DELETE CASCADE
) ENGINE=InnoDB AUTO_INCREMENT=49 DEFAULT CHARSET=utf8mb4 COLLATE=utf8mb4_0900_ai_ci;
/*!40101 SET character_set_client = @saved_cs_client */;

--
-- Dumping data for table `order_items`
--

LOCK TABLES `order_items` WRITE;
/*!40000 ALTER TABLE `order_items` DISABLE KEYS */;
INSERT INTO `order_items` VALUES (30,'202410132041330091','202410021751390868',1),(31,'202410132128590878','202409271554450805',1),(32,'202410132129510440','202409271554450805',1),(33,'202410132129510440','202410021751260274',1),(34,'202410132130110702','202409271554450805',1),(35,'202410132130110702','202410021751260274',1),(36,'202410132147280560','202409271554450805',1),(37,'202410132147280560','202410021751260274',1),(38,'202410132147420187','202409271554450805',1),(39,'202410132147420187','202410021751260274',1),(40,'202410132148490239','202409271554450805',1),(41,'202410132148490239','202410021751260274',1),(42,'202410132148590149','202409271554450805',1),(43,'202410132148590149','202410021751260274',1),(44,'202410141422020854','202410121512270379',1),(45,'202410141422020854','202410021751390868',1),(46,'202410141722500727','202410121512270379',1),(47,'202410141722500727','202410021751260274',1),(48,'202410282215470908','202410021751390868',2);
/*!40000 ALTER TABLE `order_items` ENABLE KEYS */;
UNLOCK TABLES;

--
-- Table structure for table `order_shops`
--

DROP TABLE IF EXISTS `order_shops`;
/*!40101 SET @saved_cs_client     = @@character_set_client */;
/*!50503 SET character_set_client = utf8mb4 */;
CREATE TABLE `order_shops` (
  `id` int NOT NULL AUTO_INCREMENT,
  `orderId` varchar(32) DEFAULT NULL,
  `shopId` int DEFAULT NULL,
  `totalMoney` double DEFAULT NULL,
  PRIMARY KEY (`id`),
  KEY `orderId` (`orderId`),
  CONSTRAINT `order_shops_ibfk_1` FOREIGN KEY (`orderId`) REFERENCES `orders` (`orderId`) ON DELETE CASCADE
) ENGINE=InnoDB AUTO_INCREMENT=32 DEFAULT CHARSET=utf8mb4 COLLATE=utf8mb4_0900_ai_ci;
/*!40101 SET character_set_client = @saved_cs_client */;

--
-- Dumping data for table `order_shops`
--

LOCK TABLES `order_shops` WRITE;
/*!40000 ALTER TABLE `order_shops` DISABLE KEYS */;
INSERT INTO `order_shops` VALUES (20,'202410132041330091',3,23),(21,'202410132129510440',1,10522),(22,'202410132130110702',1,10522),(23,'202410132147280560',1,10522),(24,'202410132147420187',1,10522),(25,'202410132148490239',1,10522),(26,'202410132148590149',1,10522),(27,'202410141422020854',1,3888),(28,'202410141422020854',3,23),(29,'202410141722500727',1,3888),(30,'202410141722500727',3,32),(31,'202410282215470908',3,46);
/*!40000 ALTER TABLE `order_shops` ENABLE KEYS */;
UNLOCK TABLES;

--
-- Table structure for table `order_state`
--

DROP TABLE IF EXISTS `order_state`;
/*!40101 SET @saved_cs_client     = @@character_set_client */;
/*!50503 SET character_set_client = utf8mb4 */;
CREATE TABLE `order_state` (
  `state` int NOT NULL,
  `stateName` varchar(32) NOT NULL,
  PRIMARY KEY (`state`)
) ENGINE=InnoDB DEFAULT CHARSET=utf8mb4 COLLATE=utf8mb4_0900_ai_ci;
/*!40101 SET character_set_client = @saved_cs_client */;

--
-- Dumping data for table `order_state`
--

LOCK TABLES `order_state` WRITE;
/*!40000 ALTER TABLE `order_state` DISABLE KEYS */;
INSERT INTO `order_state` VALUES (0,'未付款'),(1,'未发货'),(2,'已发货'),(3,'已收货'),(4,'已取消');
/*!40000 ALTER TABLE `order_state` ENABLE KEYS */;
UNLOCK TABLES;

--
-- Table structure for table `orders`
--

DROP TABLE IF EXISTS `orders`;
/*!40101 SET @saved_cs_client     = @@character_set_client */;
/*!50503 SET character_set_client = utf8mb4 */;
CREATE TABLE `orders` (
  `orderId` varchar(32) NOT NULL,
  `userId` int unsigned NOT NULL,
  `state` int NOT NULL,
  `createTime` datetime NOT NULL,
  `address` varchar(256) NOT NULL,
  `totalPrice` double NOT NULL,
  PRIMARY KEY (`orderId`),
  KEY `fk_userId_order` (`userId`),
  CONSTRAINT `fk_userId_order` FOREIGN KEY (`userId`) REFERENCES `user` (`userid`)
) ENGINE=InnoDB DEFAULT CHARSET=utf8mb4 COLLATE=utf8mb4_0900_ai_ci;
/*!40101 SET character_set_client = @saved_cs_client */;

--
-- Dumping data for table `orders`
--

LOCK TABLES `orders` WRITE;
/*!40000 ALTER TABLE `orders` DISABLE KEYS */;
INSERT INTO `orders` VALUES ('202410132041330091',4,1,'2024-10-13 20:41:33','华南理工大学天桥下小猫旁',23),('202410132128590878',4,1,'2024-10-13 21:29:00','北京市海淀区故宫正门前左数第三棵树下',10522),('202410132129510440',4,3,'2024-10-13 21:29:51','北京市海淀区故宫正门前左数第三棵树下',10522),('202410132130110702',4,2,'2024-10-13 21:30:12','北京市海淀区故宫正门前左数第三棵树下',10522),('202410132147280560',4,1,'2024-10-13 21:47:29','北京市海淀区故宫正门前左数第三棵树下',10522),('202410132147420187',4,4,'2024-10-13 21:47:42','北京市海淀区故宫正门前左数第三棵树下',10522),('202410132148490239',4,0,'2024-10-13 21:48:49','北京市海淀区故宫正门前左数第三棵树下',10522),('202410132148590149',4,1,'2024-10-13 21:48:59','北京市海淀区故宫正门前左数第三棵树下',10522),('202410141422020854',4,4,'2024-10-14 14:22:03','华工A3',3911),('202410141722500727',4,1,'2024-10-14 17:22:51','广州市华南理工大学',3920),('202410282215470908',5,1,'2024-10-28 22:15:48','三里屯',46);
/*!40000 ALTER TABLE `orders` ENABLE KEYS */;
UNLOCK TABLES;

--
-- Table structure for table `shop`
--

DROP TABLE IF EXISTS `shop`;
/*!40101 SET @saved_cs_client     = @@character_set_client */;
/*!50503 SET character_set_client = utf8mb4 */;
CREATE TABLE `shop` (
  `shopId` int NOT NULL AUTO_INCREMENT,
  `name` varchar(20) DEFAULT NULL,
  PRIMARY KEY (`shopId`)
) ENGINE=InnoDB AUTO_INCREMENT=9 DEFAULT CHARSET=utf8mb4 COLLATE=utf8mb4_0900_ai_ci;
/*!40101 SET character_set_client = @saved_cs_client */;

--
-- Dumping data for table `shop`
--

LOCK TABLES `shop` WRITE;
/*!40000 ALTER TABLE `shop` DISABLE KEYS */;
INSERT INTO `shop` VALUES (1,'联想'),(2,'三只袋鼠'),(3,'三只松鼠'),(4,'雅诗兰黛'),(8,'家具城');
/*!40000 ALTER TABLE `shop` ENABLE KEYS */;
UNLOCK TABLES;

--
-- Table structure for table `user`
--

DROP TABLE IF EXISTS `user`;
/*!40101 SET @saved_cs_client     = @@character_set_client */;
/*!50503 SET character_set_client = utf8mb4 */;
CREATE TABLE `user` (
  `userid` int unsigned NOT NULL AUTO_INCREMENT,
  `username` varchar(25) DEFAULT NULL,
  `password` varchar(32) DEFAULT NULL,
  `email` varchar(32) DEFAULT NULL,
  `type` int unsigned DEFAULT NULL,
  `shopId` int DEFAULT NULL,
  PRIMARY KEY (`userid`),
  UNIQUE KEY `email` (`email`),
  KEY `fk_shopId_user` (`shopId`),
  CONSTRAINT `fk_shopId_user` FOREIGN KEY (`shopId`) REFERENCES `shop` (`shopId`)
) ENGINE=InnoDB AUTO_INCREMENT=17 DEFAULT CHARSET=utf8mb4 COLLATE=utf8mb4_0900_ai_ci;
/*!40101 SET character_set_client = @saved_cs_client */;

--
-- Dumping data for table `user`
--

LOCK TABLES `user` WRITE;
/*!40000 ALTER TABLE `user` DISABLE KEYS */;
INSERT INTO `user` VALUES (1,'Li','123456','31211523@qq.com',0,NULL),(2,'chen','123456','3102@qq.com',1,2),(4,'che','123456','1102@qq.com',0,NULL),(5,'lim','12345','1432@qq.com',1,1),(9,'we1','1234','12332@qq.com',0,NULL),(10,'linshen','654321','71342@qq.com',0,NULL),(11,'shop2','2','2@qq.com',1,3),(12,'testEmail','123','t2511275284@gmail.com',0,NULL),(13,'makeup','123456','makeup@qq.com',1,4),(16,'furniture','123456','furniture@qq.com',1,8);
/*!40000 ALTER TABLE `user` ENABLE KEYS */;
UNLOCK TABLES;

--
-- Table structure for table `user_action`
--

DROP TABLE IF EXISTS `user_action`;
/*!40101 SET @saved_cs_client     = @@character_set_client */;
/*!50503 SET character_set_client = utf8mb4 */;
CREATE TABLE `user_action` (
  `action` int NOT NULL,
  `actionName` varchar(24) DEFAULT NULL,
  PRIMARY KEY (`action`)
) ENGINE=InnoDB DEFAULT CHARSET=utf8mb4 COLLATE=utf8mb4_0900_ai_ci;
/*!40101 SET character_set_client = @saved_cs_client */;

--
-- Dumping data for table `user_action`
--

LOCK TABLES `user_action` WRITE;
/*!40000 ALTER TABLE `user_action` DISABLE KEYS */;
INSERT INTO `user_action` VALUES (1,'浏览'),(2,'加入购物车'),(3,'从购物车移除');
/*!40000 ALTER TABLE `user_action` ENABLE KEYS */;
UNLOCK TABLES;

--
-- Table structure for table `user_log`
--

DROP TABLE IF EXISTS `user_log`;
/*!40101 SET @saved_cs_client     = @@character_set_client */;
/*!50503 SET character_set_client = utf8mb4 */;
CREATE TABLE `user_log` (
  `userId` int DEFAULT NULL,
  `goodId` varchar(32) DEFAULT NULL,
  `action` int DEFAULT NULL,
  `createTime` datetime DEFAULT NULL
) ENGINE=InnoDB DEFAULT CHARSET=utf8mb4 COLLATE=utf8mb4_0900_ai_ci;
/*!40101 SET character_set_client = @saved_cs_client */;

--
-- Dumping data for table `user_log`
--

LOCK TABLES `user_log` WRITE;
/*!40000 ALTER TABLE `user_log` DISABLE KEYS */;
INSERT INTO `user_log` VALUES (4,'202409271554160579',1,NULL),(4,'202409271554280064',1,NULL),(4,'202409271554450805',1,NULL),(4,'202410021751260274',1,NULL),(4,'202410021751390868',1,NULL),(4,'202410021751390868',3,NULL),(4,'202410021751260274',3,NULL),(4,'202409271554160579',1,NULL),(4,'202409271554280064',1,NULL),(4,'202409271554450805',1,NULL),(4,'202410021751260274',1,NULL),(4,'202410021751390868',1,NULL),(4,'202409271554160579',3,NULL),(4,'202409271554450805',3,NULL),(4,'202409271554160579',1,NULL),(4,'202409271554280064',1,NULL),(4,'202409271554450805',1,NULL),(4,'202410021751260274',1,NULL),(4,'202410021751390868',1,NULL),(4,'202409271554160579',2,NULL),(4,'202410021751390868',2,NULL),(4,'202409271554450805',2,NULL),(NULL,'202409271554160579',1,NULL),(NULL,'202409271554280064',1,NULL),(NULL,'202409271554450805',1,NULL),(NULL,'202410021751260274',1,NULL),(NULL,'202410021751390868',1,NULL),(NULL,'202409271554160579',1,NULL),(NULL,'202409271554280064',1,NULL),(NULL,'202409271554450805',1,NULL),(NULL,'202410021751260274',1,NULL),(NULL,'202410021751390868',1,NULL),(NULL,'202409271554160579',1,NULL),(NULL,'202409271554280064',1,NULL),(NULL,'202409271554450805',1,NULL),(NULL,'202410021751260274',1,NULL),(NULL,'202410021751390868',1,NULL),(NULL,'202409271554160579',1,NULL),(NULL,'202409271554280064',1,NULL),(NULL,'202409271554450805',1,NULL),(NULL,'202410021751260274',1,NULL),(NULL,'202410021751390868',1,NULL),(5,'202409271554160579',1,'2024-10-10 17:05:45'),(5,'202409271554280064',1,'2024-10-10 17:05:45'),(5,'202409271554450805',1,'2024-10-10 17:05:45'),(5,'202410021751260274',1,'2024-10-10 17:05:45'),(5,'202410021751390868',1,'2024-10-10 17:05:45'),(5,'202409271554160579',1,'2024-10-10 17:06:25'),(5,'202409271554280064',1,'2024-10-10 17:06:25'),(5,'202409271554450805',1,'2024-10-10 17:06:25'),(5,'202410021751260274',1,'2024-10-10 17:06:25'),(5,'202410021751390868',1,'2024-10-10 17:06:25'),(5,'202409271554280064',3,'2024-10-10 17:06:33'),(5,'202409271554160579',1,'2024-10-10 17:06:34'),(5,'202409271554280064',1,'2024-10-10 17:06:34'),(5,'202409271554450805',1,'2024-10-10 17:06:34'),(5,'202410021751260274',1,'2024-10-10 17:06:35'),(5,'202410021751390868',1,'2024-10-10 17:06:35'),(5,'202410021751390868',2,'2024-10-10 17:06:36'),(5,'202409271554160579',1,'2024-10-10 17:06:39'),(5,'202409271554280064',1,'2024-10-10 17:06:39'),(5,'202409271554450805',1,'2024-10-10 17:06:39'),(5,'202410021751260274',1,'2024-10-10 17:06:39'),(5,'202410021751390868',1,'2024-10-10 17:06:39'),(NULL,'202409271554160579',1,'2024-10-10 17:16:52'),(NULL,'202409271554280064',1,'2024-10-10 17:16:52'),(NULL,'202409271554450805',1,'2024-10-10 17:16:52'),(NULL,'202410021751260274',1,'2024-10-10 17:16:52'),(NULL,'202410021751390868',1,'2024-10-10 17:16:52'),(NULL,'202409271554160579',1,'2024-10-11 16:14:16'),(NULL,'202409271554280064',1,'2024-10-11 16:14:16'),(NULL,'202409271554450805',1,'2024-10-11 16:14:16'),(NULL,'202410021751260274',1,'2024-10-11 16:14:16'),(NULL,'202410021751390868',1,'2024-10-11 16:14:16'),(NULL,'202409271554160579',1,'2024-10-11 16:14:21'),(NULL,'202409271554280064',1,'2024-10-11 16:14:21'),(NULL,'202409271554450805',1,'2024-10-11 16:14:21'),(NULL,'202410021751260274',1,'2024-10-11 16:14:21'),(NULL,'202410021751390868',1,'2024-10-11 16:14:21'),(NULL,'202409271554160579',1,'2024-10-11 16:14:51'),(NULL,'202409271554280064',1,'2024-10-11 16:14:51'),(NULL,'202409271554450805',1,'2024-10-11 16:14:51'),(NULL,'202410021751260274',1,'2024-10-11 16:14:51'),(NULL,'202410021751390868',1,'2024-10-11 16:14:51'),(NULL,'202409271554160579',1,'2024-10-11 16:16:26'),(NULL,'202409271554280064',1,'2024-10-11 16:16:26'),(NULL,'202409271554450805',1,'2024-10-11 16:16:26'),(NULL,'202410021751260274',1,'2024-10-11 16:16:26'),(NULL,'202410021751390868',1,'2024-10-11 16:16:26'),(5,'202409271554160579',1,'2024-10-11 17:13:47'),(5,'202409271554280064',1,'2024-10-11 17:13:47'),(5,'202409271554450805',1,'2024-10-11 17:13:47'),(5,'202410021751260274',1,'2024-10-11 17:13:47'),(5,'202410021751390868',1,'2024-10-11 17:13:47'),(NULL,'202409271554160579',1,'2024-10-12 14:01:50'),(NULL,'202409271554280064',1,'2024-10-12 14:01:50'),(NULL,'202409271554450805',1,'2024-10-12 14:01:50'),(NULL,'202410021751260274',1,'2024-10-12 14:01:50'),(NULL,'202410021751390868',1,'2024-10-12 14:01:50'),(NULL,'202409271554160579',1,'2024-10-12 14:01:54'),(NULL,'202409271554280064',1,'2024-10-12 14:01:54'),(NULL,'202409271554450805',1,'2024-10-12 14:01:54'),(NULL,'202410021751260274',1,'2024-10-12 14:01:54'),(NULL,'202410021751390868',1,'2024-10-12 14:01:54'),(4,'202409271554160579',1,'2024-10-12 14:18:48'),(4,'202409271554280064',1,'2024-10-12 14:18:48'),(4,'202409271554450805',1,'2024-10-12 14:18:48'),(4,'202410021751260274',1,'2024-10-12 14:18:48'),(4,'202410021751390868',1,'2024-10-12 14:18:48'),(4,'202409271554160579',1,'2024-10-12 14:38:52'),(4,'202409271554280064',1,'2024-10-12 14:38:52'),(4,'202409271554450805',1,'2024-10-12 14:38:52'),(4,'202410021751260274',1,'2024-10-12 14:38:52'),(4,'202410021751390868',1,'2024-10-12 14:38:52'),(4,'202409271554280064',1,'2024-10-12 14:39:30'),(4,'202409271554450805',1,'2024-10-12 14:39:30'),(4,'202410021751260274',1,'2024-10-12 14:39:30'),(4,'202410021751390868',1,'2024-10-12 14:39:30'),(4,'202409271554280064',1,'2024-10-12 14:39:35'),(4,'202409271554450805',1,'2024-10-12 14:39:35'),(4,'202410021751260274',1,'2024-10-12 14:39:35'),(4,'202410021751390868',1,'2024-10-12 14:39:35'),(4,'202409271554280064',1,'2024-10-12 14:52:18'),(4,'202409271554450805',1,'2024-10-12 14:52:18'),(4,'202410021751260274',1,'2024-10-12 14:52:18'),(4,'202410021751390868',1,'2024-10-12 14:52:18'),(12,'202409271554450805',1,'2024-10-12 15:44:21'),(12,'202410021751260274',1,'2024-10-12 15:44:21'),(12,'202410021751390868',1,'2024-10-12 15:44:21'),(12,'202410121509530996',1,'2024-10-12 15:44:21'),(12,'202410121512270379',1,'2024-10-12 15:44:21'),(12,'202409271554450805',1,'2024-10-12 15:45:09'),(12,'202410021751260274',1,'2024-10-12 15:45:09'),(12,'202410021751390868',1,'2024-10-12 15:45:09'),(12,'202410121509530996',1,'2024-10-12 15:45:09'),(12,'202410121512270379',1,'2024-10-12 15:45:09'),(12,'202410021751390868',1,'2024-10-12 15:45:15'),(12,'202410021751260274',1,'2024-10-12 15:45:15'),(12,'202410121512270379',1,'2024-10-12 15:45:16'),(12,'202410121509530996',1,'2024-10-12 15:45:16'),(12,'202409271554450805',1,'2024-10-12 15:45:16'),(12,'202409271554450805',1,'2024-10-12 15:45:58'),(12,'202410021751260274',1,'2024-10-12 15:45:58'),(12,'202410021751390868',1,'2024-10-12 15:45:58'),(12,'202410121509530996',1,'2024-10-12 15:45:58'),(12,'202410121512270379',1,'2024-10-12 15:45:58'),(4,'202409271554450805',1,'2024-10-12 15:47:40'),(4,'202410021751260274',1,'2024-10-12 15:47:40'),(4,'202410021751390868',1,'2024-10-12 15:47:40'),(4,'202410121509530996',1,'2024-10-12 15:47:40'),(4,'202410121512270379',1,'2024-10-12 15:47:40'),(4,'202409271554450805',1,'2024-10-12 15:51:52'),(4,'202410021751260274',1,'2024-10-12 15:51:52'),(4,'202410021751390868',1,'2024-10-12 15:51:52'),(4,'202410121509530996',1,'2024-10-12 15:51:52'),(4,'202410121512270379',1,'2024-10-12 15:51:52'),(4,'202409271554450805',1,'2024-10-12 15:52:21'),(4,'202410021751260274',1,'2024-10-12 15:52:21'),(4,'202410021751390868',1,'2024-10-12 15:52:21'),(4,'202410121509530996',1,'2024-10-12 15:52:21'),(4,'202410121512270379',1,'2024-10-12 15:52:21'),(4,'202409271554450805',1,'2024-10-12 15:52:25'),(4,'202410021751260274',1,'2024-10-12 15:52:25'),(4,'202410021751390868',1,'2024-10-12 15:52:25'),(4,'202410121509530996',1,'2024-10-12 15:52:25'),(4,'202410121512270379',1,'2024-10-12 15:52:25'),(4,'202409271554450805',1,'2024-10-12 15:52:46'),(4,'202410021751260274',1,'2024-10-12 15:52:46'),(4,'202410021751390868',1,'2024-10-12 15:52:46'),(4,'202410121509530996',1,'2024-10-12 15:52:46'),(4,'202410121512270379',1,'2024-10-12 15:52:46'),(4,'202409271554450805',1,'2024-10-12 15:56:33'),(4,'202410021751260274',1,'2024-10-12 15:56:33'),(4,'202410021751390868',1,'2024-10-12 15:56:33'),(4,'202410121509530996',1,'2024-10-12 15:56:33'),(4,'202410121512270379',1,'2024-10-12 15:56:33'),(4,'202409271554450805',1,'2024-10-12 16:00:37'),(4,'202410021751260274',1,'2024-10-12 16:00:37'),(4,'202410021751390868',1,'2024-10-12 16:00:37'),(4,'202410121509530996',1,'2024-10-12 16:00:37'),(4,'202410121512270379',1,'2024-10-12 16:00:37'),(4,'202409271554450805',1,'2024-10-12 16:01:59'),(4,'202410021751260274',1,'2024-10-12 16:01:59'),(4,'202410021751390868',1,'2024-10-12 16:01:59'),(4,'202410121509530996',1,'2024-10-12 16:01:59'),(4,'202410121512270379',1,'2024-10-12 16:01:59'),(4,'202409271554450805',1,'2024-10-12 16:02:25'),(4,'202410021751260274',1,'2024-10-12 16:02:25'),(4,'202410021751390868',1,'2024-10-12 16:02:25'),(4,'202410121509530996',1,'2024-10-12 16:02:25'),(4,'202410121512270379',1,'2024-10-12 16:02:25'),(4,'202409271554450805',1,'2024-10-12 16:09:21'),(4,'202410021751260274',1,'2024-10-12 16:09:21'),(4,'202410021751390868',1,'2024-10-12 16:09:21'),(4,'202410121509530996',1,'2024-10-12 16:09:21'),(4,'202410121512270379',1,'2024-10-12 16:09:21'),(4,'202409271554450805',1,'2024-10-12 16:09:34'),(4,'202410021751260274',1,'2024-10-12 16:09:34'),(4,'202410021751390868',1,'2024-10-12 16:09:34'),(4,'202410121509530996',1,'2024-10-12 16:09:34'),(4,'202410121512270379',1,'2024-10-12 16:09:34'),(4,'202409271554450805',1,'2024-10-12 16:10:47'),(4,'202410021751260274',1,'2024-10-12 16:10:47'),(4,'202410021751390868',1,'2024-10-12 16:10:47'),(4,'202410121509530996',1,'2024-10-12 16:10:47'),(4,'202410121512270379',1,'2024-10-12 16:10:47'),(4,'202409271554450805',1,'2024-10-12 16:11:01'),(4,'202410021751260274',1,'2024-10-12 16:11:01'),(4,'202410021751390868',1,'2024-10-12 16:11:01'),(4,'202410121509530996',1,'2024-10-12 16:11:01'),(4,'202410121512270379',1,'2024-10-12 16:11:01'),(4,'202409271554450805',1,'2024-10-12 16:11:08'),(4,'202410021751260274',1,'2024-10-12 16:11:08'),(4,'202410021751390868',1,'2024-10-12 16:11:08'),(4,'202410121509530996',1,'2024-10-12 16:11:08'),(4,'202410121512270379',1,'2024-10-12 16:11:08'),(4,'202409271554450805',1,'2024-10-12 16:11:15'),(4,'202410021751260274',1,'2024-10-12 16:11:15'),(4,'202410021751390868',1,'2024-10-12 16:11:15'),(4,'202410121509530996',1,'2024-10-12 16:11:15'),(4,'202410121512270379',1,'2024-10-12 16:11:15'),(4,'202409271554450805',1,'2024-10-12 16:11:24'),(4,'202410021751260274',1,'2024-10-12 16:11:24'),(4,'202410021751390868',1,'2024-10-12 16:11:24'),(4,'202410121509530996',1,'2024-10-12 16:11:24'),(4,'202410121512270379',1,'2024-10-12 16:11:24'),(4,'202409271554450805',1,'2024-10-12 16:11:29'),(4,'202410021751260274',1,'2024-10-12 16:11:29'),(4,'202410021751390868',1,'2024-10-12 16:11:29'),(4,'202410121509530996',1,'2024-10-12 16:11:29'),(4,'202410121512270379',1,'2024-10-12 16:11:29'),(4,'202409271554450805',1,'2024-10-12 16:13:57'),(4,'202410021751260274',1,'2024-10-12 16:13:57'),(4,'202410021751390868',1,'2024-10-12 16:13:57'),(4,'202410121509530996',1,'2024-10-12 16:13:57'),(4,'202410121512270379',1,'2024-10-12 16:13:57'),(4,'202409271554450805',1,'2024-10-12 16:14:10'),(4,'202410021751260274',1,'2024-10-12 16:14:10'),(4,'202410021751390868',1,'2024-10-12 16:14:10'),(4,'202410121509530996',1,'2024-10-12 16:14:10'),(4,'202410121512270379',1,'2024-10-12 16:14:10'),(4,'202409271554450805',1,'2024-10-12 16:14:12'),(4,'202410021751260274',1,'2024-10-12 16:14:12'),(4,'202410021751390868',1,'2024-10-12 16:14:12'),(4,'202410121509530996',1,'2024-10-12 16:14:12'),(4,'202410121512270379',1,'2024-10-12 16:14:12'),(4,'202409271554450805',1,'2024-10-12 16:14:28'),(4,'202410021751260274',1,'2024-10-12 16:14:28'),(4,'202410021751390868',1,'2024-10-12 16:14:28'),(4,'202410121509530996',1,'2024-10-12 16:14:28'),(4,'202410121512270379',1,'2024-10-12 16:14:28'),(4,'202409271554450805',1,'2024-10-12 16:15:11'),(4,'202410021751260274',1,'2024-10-12 16:15:11'),(4,'202410021751390868',1,'2024-10-12 16:15:11'),(4,'202410121509530996',1,'2024-10-12 16:15:11'),(4,'202410121512270379',1,'2024-10-12 16:15:11'),(4,'202409271554450805',1,'2024-10-12 16:15:13'),(4,'202410021751260274',1,'2024-10-12 16:15:13'),(4,'202410021751390868',1,'2024-10-12 16:15:13'),(4,'202410121509530996',1,'2024-10-12 16:15:13'),(4,'202410121512270379',1,'2024-10-12 16:15:13'),(4,'202409271554450805',1,'2024-10-12 16:15:29'),(4,'202410021751260274',1,'2024-10-12 16:15:29'),(4,'202410021751390868',1,'2024-10-12 16:15:29'),(4,'202410121509530996',1,'2024-10-12 16:15:29'),(4,'202410121512270379',1,'2024-10-12 16:15:29'),(4,'202409271554450805',1,'2024-10-12 16:15:41'),(4,'202410021751260274',1,'2024-10-12 16:15:41'),(4,'202410021751390868',1,'2024-10-12 16:15:41'),(4,'202410121509530996',1,'2024-10-12 16:15:41'),(4,'202410121512270379',1,'2024-10-12 16:15:42'),(4,'202409271554450805',1,'2024-10-12 16:15:49'),(4,'202410021751260274',1,'2024-10-12 16:15:49'),(4,'202410021751390868',1,'2024-10-12 16:15:49'),(4,'202410121509530996',1,'2024-10-12 16:15:49'),(4,'202410121512270379',1,'2024-10-12 16:15:49'),(4,'202409271554450805',1,'2024-10-12 16:15:58'),(4,'202410021751260274',1,'2024-10-12 16:15:58'),(4,'202410021751390868',1,'2024-10-12 16:15:58'),(4,'202410121509530996',1,'2024-10-12 16:15:58'),(4,'202410121512270379',1,'2024-10-12 16:15:58'),(4,'202409271554450805',1,'2024-10-12 16:16:37'),(4,'202410021751260274',1,'2024-10-12 16:16:37'),(4,'202410021751390868',1,'2024-10-12 16:16:37'),(4,'202410121509530996',1,'2024-10-12 16:16:37'),(4,'202410121512270379',1,'2024-10-12 16:16:37'),(4,'202409271554450805',1,'2024-10-12 16:16:55'),(4,'202410021751260274',1,'2024-10-12 16:16:55'),(4,'202410021751390868',1,'2024-10-12 16:16:55'),(4,'202410121509530996',1,'2024-10-12 16:16:55'),(4,'202410121512270379',1,'2024-10-12 16:16:55'),(4,'202409271554450805',1,'2024-10-12 16:20:03'),(4,'202410021751260274',1,'2024-10-12 16:20:03'),(4,'202410021751390868',1,'2024-10-12 16:20:03'),(4,'202410121509530996',1,'2024-10-12 16:20:03'),(4,'202410121512270379',1,'2024-10-12 16:20:03'),(4,'202409271554450805',1,'2024-10-12 16:20:19'),(4,'202410021751260274',1,'2024-10-12 16:20:19'),(4,'202410021751390868',1,'2024-10-12 16:20:19'),(4,'202410121509530996',1,'2024-10-12 16:20:19'),(4,'202410121512270379',1,'2024-10-12 16:20:19'),(4,'202409271554450805',1,'2024-10-12 16:20:37'),(4,'202410021751260274',1,'2024-10-12 16:20:37'),(4,'202410021751390868',1,'2024-10-12 16:20:37'),(4,'202410121509530996',1,'2024-10-12 16:20:37'),(4,'202410121512270379',1,'2024-10-12 16:20:37'),(4,'202409271554450805',1,'2024-10-12 16:20:47'),(4,'202410021751260274',1,'2024-10-12 16:20:47'),(4,'202410021751390868',1,'2024-10-12 16:20:47'),(4,'202410121509530996',1,'2024-10-12 16:20:47'),(4,'202410121512270379',1,'2024-10-12 16:20:47'),(4,'202409271554450805',1,'2024-10-12 16:21:04'),(4,'202410021751260274',1,'2024-10-12 16:21:04'),(4,'202410021751390868',1,'2024-10-12 16:21:04'),(4,'202410121509530996',1,'2024-10-12 16:21:04'),(4,'202410121512270379',1,'2024-10-12 16:21:04'),(4,'202409271554450805',1,'2024-10-12 16:21:26'),(4,'202410021751260274',1,'2024-10-12 16:21:26'),(4,'202410021751390868',1,'2024-10-12 16:21:26'),(4,'202410121509530996',1,'2024-10-12 16:21:26'),(4,'202410121512270379',1,'2024-10-12 16:21:26'),(4,'202409271554450805',1,'2024-10-12 16:21:43'),(4,'202410021751260274',1,'2024-10-12 16:21:43'),(4,'202410021751390868',1,'2024-10-12 16:21:43'),(4,'202410121509530996',1,'2024-10-12 16:21:43'),(4,'202410121512270379',1,'2024-10-12 16:21:43'),(4,'202409271554450805',1,'2024-10-12 16:21:48'),(4,'202410021751260274',1,'2024-10-12 16:21:48'),(4,'202410021751390868',1,'2024-10-12 16:21:48'),(4,'202410121509530996',1,'2024-10-12 16:21:48'),(4,'202410121512270379',1,'2024-10-12 16:21:48'),(NULL,'202409271554450805',1,'2024-10-13 15:34:05'),(NULL,'202410021751260274',1,'2024-10-13 15:34:05'),(NULL,'202410021751390868',1,'2024-10-13 15:34:05'),(NULL,'202410121509530996',1,'2024-10-13 15:34:05'),(NULL,'202410121512270379',1,'2024-10-13 15:34:05'),(NULL,'202409271554450805',1,'2024-10-13 15:41:02'),(NULL,'202410021751260274',1,'2024-10-13 15:41:02'),(NULL,'202410021751390868',1,'2024-10-13 15:41:02'),(NULL,'202410121509530996',1,'2024-10-13 15:41:02'),(NULL,'202410121512270379',1,'2024-10-13 15:41:02'),(NULL,'202409271554450805',1,'2024-10-13 15:43:50'),(NULL,'202410021751260274',1,'2024-10-13 15:43:50'),(NULL,'202410021751390868',1,'2024-10-13 15:43:50'),(NULL,'202410121509530996',1,'2024-10-13 15:43:50'),(NULL,'202410121512270379',1,'2024-10-13 15:43:50'),(NULL,'202409271554450805',1,'2024-10-13 15:43:55'),(NULL,'202410121509530996',1,'2024-10-13 15:43:55'),(NULL,'202410121512270379',1,'2024-10-13 15:43:55'),(NULL,'202409271554450805',1,'2024-10-13 15:44:02'),(NULL,'202410121509530996',1,'2024-10-13 15:44:02'),(NULL,'202410121512270379',1,'2024-10-13 15:44:02'),(NULL,'202410021751260274',1,'2024-10-13 15:44:08'),(NULL,'202410021751390868',1,'2024-10-13 15:44:08'),(4,'202409271554450805',1,'2024-10-13 15:44:18'),(4,'202410021751260274',1,'2024-10-13 15:44:18'),(4,'202410021751390868',1,'2024-10-13 15:44:18'),(4,'202410121509530996',1,'2024-10-13 15:44:18'),(4,'202410121512270379',1,'2024-10-13 15:44:18'),(4,'202409271554450805',1,'2024-10-13 15:48:17'),(4,'202410021751260274',1,'2024-10-13 15:48:17'),(4,'202410021751390868',1,'2024-10-13 15:48:17'),(4,'202410121509530996',1,'2024-10-13 15:48:17'),(4,'202410121512270379',1,'2024-10-13 15:48:17'),(5,'202409271554450805',1,'2024-10-13 17:10:02'),(5,'202410021751260274',1,'2024-10-13 17:10:02'),(5,'202410021751390868',1,'2024-10-13 17:10:02'),(5,'202410121509530996',1,'2024-10-13 17:10:02'),(5,'202410121512270379',1,'2024-10-13 17:10:02'),(4,'202409271554450805',1,'2024-10-13 17:29:46'),(4,'202410021751260274',1,'2024-10-13 17:29:46'),(4,'202410021751390868',1,'2024-10-13 17:29:46'),(4,'202410121509530996',1,'2024-10-13 17:29:46'),(4,'202410121512270379',1,'2024-10-13 17:29:46'),(4,'202409271554450805',1,'2024-10-13 17:51:47'),(4,'202410021751260274',1,'2024-10-13 17:51:47'),(4,'202410021751390868',1,'2024-10-13 17:51:47'),(4,'202410121509530996',1,'2024-10-13 17:51:47'),(4,'202410121512270379',1,'2024-10-13 17:51:47'),(4,'202409271554450805',1,'2024-10-13 17:52:20'),(4,'202410021751260274',1,'2024-10-13 17:52:20'),(4,'202410021751390868',1,'2024-10-13 17:52:20'),(4,'202410121509530996',1,'2024-10-13 17:52:20'),(4,'202410121512270379',1,'2024-10-13 17:52:20'),(4,'202409271554450805',1,'2024-10-13 17:52:24'),(4,'202410021751260274',1,'2024-10-13 17:52:24'),(4,'202410021751390868',1,'2024-10-13 17:52:24'),(4,'202410121509530996',1,'2024-10-13 17:52:24'),(4,'202410121512270379',1,'2024-10-13 17:52:24'),(4,'202409271554450805',1,'2024-10-13 17:53:01'),(4,'202410021751260274',1,'2024-10-13 17:53:01'),(4,'202410021751390868',1,'2024-10-13 17:53:01'),(4,'202410121509530996',1,'2024-10-13 17:53:01'),(4,'202410121512270379',1,'2024-10-13 17:53:01'),(4,'202409271554450805',1,'2024-10-13 17:53:09'),(4,'202410021751260274',1,'2024-10-13 17:53:09'),(4,'202410021751390868',1,'2024-10-13 17:53:09'),(4,'202410121509530996',1,'2024-10-13 17:53:09'),(4,'202410121512270379',1,'2024-10-13 17:53:09'),(4,'202409271554450805',1,'2024-10-13 17:53:15'),(4,'202410021751260274',1,'2024-10-13 17:53:15'),(4,'202410021751390868',1,'2024-10-13 17:53:15'),(4,'202410121509530996',1,'2024-10-13 17:53:15'),(4,'202410121512270379',1,'2024-10-13 17:53:15'),(4,'202409271554450805',1,'2024-10-13 17:53:59'),(4,'202410021751260274',1,'2024-10-13 17:53:59'),(4,'202410021751390868',1,'2024-10-13 17:53:59'),(4,'202410121509530996',1,'2024-10-13 17:53:59'),(4,'202410121512270379',1,'2024-10-13 17:53:59'),(4,'202409271554450805',1,'2024-10-13 17:54:08'),(4,'202410021751260274',1,'2024-10-13 17:54:08'),(4,'202410021751390868',1,'2024-10-13 17:54:08'),(4,'202410121509530996',1,'2024-10-13 17:54:08'),(4,'202410121512270379',1,'2024-10-13 17:54:08'),(4,'202409271554450805',1,'2024-10-13 17:54:46'),(4,'202410021751260274',1,'2024-10-13 17:54:46'),(4,'202410021751390868',1,'2024-10-13 17:54:46'),(4,'202410121509530996',1,'2024-10-13 17:54:46'),(4,'202410121512270379',1,'2024-10-13 17:54:46'),(4,'202409271554450805',1,'2024-10-13 17:55:17'),(4,'202410021751260274',1,'2024-10-13 17:55:17'),(4,'202410021751390868',1,'2024-10-13 17:55:17'),(4,'202410121509530996',1,'2024-10-13 17:55:17'),(4,'202410121512270379',1,'2024-10-13 17:55:17'),(4,'202409271554450805',1,'2024-10-13 17:58:38'),(4,'202410021751260274',1,'2024-10-13 17:58:38'),(4,'202410021751390868',1,'2024-10-13 17:58:38'),(4,'202410121509530996',1,'2024-10-13 17:58:38'),(4,'202410121512270379',1,'2024-10-13 17:58:38'),(4,'202409271554450805',1,'2024-10-13 17:58:47'),(4,'202410021751260274',1,'2024-10-13 17:58:47'),(4,'202410021751390868',1,'2024-10-13 17:58:47'),(4,'202410121509530996',1,'2024-10-13 17:58:47'),(4,'202410121512270379',1,'2024-10-13 17:58:47'),(4,'202409271554450805',1,'2024-10-13 18:00:04'),(4,'202410021751260274',1,'2024-10-13 18:00:04'),(4,'202410021751390868',1,'2024-10-13 18:00:04'),(4,'202410121509530996',1,'2024-10-13 18:00:04'),(4,'202410121512270379',1,'2024-10-13 18:00:04'),(4,'202409271554450805',1,'2024-10-13 18:00:08'),(4,'202410021751260274',1,'2024-10-13 18:00:08'),(4,'202410021751390868',1,'2024-10-13 18:00:08'),(4,'202410121509530996',1,'2024-10-13 18:00:08'),(4,'202410121512270379',1,'2024-10-13 18:00:08'),(4,'202409271554450805',1,'2024-10-13 18:00:44'),(4,'202410021751260274',1,'2024-10-13 18:00:44'),(4,'202410021751390868',1,'2024-10-13 18:00:44'),(4,'202410121509530996',1,'2024-10-13 18:00:44'),(4,'202410121512270379',1,'2024-10-13 18:00:44'),(4,'202409271554450805',1,'2024-10-13 18:01:00'),(4,'202410021751260274',1,'2024-10-13 18:01:00'),(4,'202410021751390868',1,'2024-10-13 18:01:00'),(4,'202410121509530996',1,'2024-10-13 18:01:00'),(4,'202410121512270379',1,'2024-10-13 18:01:00'),(4,'202409271554450805',1,'2024-10-13 18:01:20'),(4,'202410021751260274',1,'2024-10-13 18:01:20'),(4,'202410021751390868',1,'2024-10-13 18:01:20'),(4,'202410121509530996',1,'2024-10-13 18:01:20'),(4,'202410121512270379',1,'2024-10-13 18:01:20'),(4,'202409271554450805',1,'2024-10-13 18:02:48'),(4,'202410021751260274',1,'2024-10-13 18:02:48'),(4,'202410021751390868',1,'2024-10-13 18:02:48'),(4,'202410121509530996',1,'2024-10-13 18:02:48'),(4,'202410121512270379',1,'2024-10-13 18:02:48'),(4,'202409271554450805',1,'2024-10-13 18:02:50'),(4,'202410021751260274',1,'2024-10-13 18:02:50'),(4,'202410021751390868',1,'2024-10-13 18:02:50'),(4,'202410121509530996',1,'2024-10-13 18:02:50'),(4,'202410121512270379',1,'2024-10-13 18:02:50'),(4,'202409271554450805',1,'2024-10-13 18:02:53'),(4,'202410021751260274',1,'2024-10-13 18:02:53'),(4,'202410021751390868',1,'2024-10-13 18:02:53'),(4,'202410121509530996',1,'2024-10-13 18:02:53'),(4,'202410121512270379',1,'2024-10-13 18:02:53'),(4,'202409271554450805',1,'2024-10-13 18:03:02'),(4,'202410021751260274',1,'2024-10-13 18:03:02'),(4,'202410021751390868',1,'2024-10-13 18:03:02'),(4,'202410121509530996',1,'2024-10-13 18:03:02'),(4,'202410121512270379',1,'2024-10-13 18:03:02'),(4,'202409271554450805',1,'2024-10-13 18:03:19'),(4,'202410021751260274',1,'2024-10-13 18:03:19'),(4,'202410021751390868',1,'2024-10-13 18:03:19'),(4,'202410121509530996',1,'2024-10-13 18:03:19'),(4,'202410121512270379',1,'2024-10-13 18:03:19'),(4,'202409271554450805',1,'2024-10-13 18:03:20'),(4,'202410021751260274',1,'2024-10-13 18:03:20'),(4,'202410021751390868',1,'2024-10-13 18:03:20'),(4,'202410121509530996',1,'2024-10-13 18:03:20'),(4,'202410121512270379',1,'2024-10-13 18:03:20'),(4,'202409271554450805',1,'2024-10-13 18:03:54'),(4,'202410021751260274',1,'2024-10-13 18:03:54'),(4,'202410021751390868',1,'2024-10-13 18:03:54'),(4,'202410121509530996',1,'2024-10-13 18:03:54'),(4,'202410121512270379',1,'2024-10-13 18:03:54'),(4,'202409271554450805',1,'2024-10-13 18:04:00'),(4,'202410021751260274',1,'2024-10-13 18:04:00'),(4,'202410021751390868',1,'2024-10-13 18:04:00'),(4,'202410121509530996',1,'2024-10-13 18:04:00'),(4,'202410121512270379',1,'2024-10-13 18:04:00'),(4,'202409271554450805',1,'2024-10-13 18:04:20'),(4,'202410021751260274',1,'2024-10-13 18:04:20'),(4,'202410021751390868',1,'2024-10-13 18:04:20'),(4,'202410121509530996',1,'2024-10-13 18:04:20'),(4,'202410121512270379',1,'2024-10-13 18:04:20'),(4,'202409271554450805',1,'2024-10-13 18:04:22'),(4,'202410021751260274',1,'2024-10-13 18:04:22'),(4,'202410021751390868',1,'2024-10-13 18:04:22'),(4,'202410121509530996',1,'2024-10-13 18:04:22'),(4,'202410121512270379',1,'2024-10-13 18:04:22'),(4,'202409271554450805',1,'2024-10-13 18:05:45'),(4,'202410021751260274',1,'2024-10-13 18:05:45'),(4,'202410021751390868',1,'2024-10-13 18:05:45'),(4,'202410121509530996',1,'2024-10-13 18:05:45'),(4,'202410121512270379',1,'2024-10-13 18:05:45'),(4,'202409271554450805',1,'2024-10-13 18:05:56'),(4,'202410021751260274',1,'2024-10-13 18:05:56'),(4,'202410021751390868',1,'2024-10-13 18:05:56'),(4,'202410121509530996',1,'2024-10-13 18:05:56'),(4,'202410121512270379',1,'2024-10-13 18:05:56'),(4,'202409271554450805',1,'2024-10-13 18:06:01'),(4,'202410021751260274',1,'2024-10-13 18:06:01'),(4,'202410021751390868',1,'2024-10-13 18:06:01'),(4,'202410121509530996',1,'2024-10-13 18:06:01'),(4,'202410121512270379',1,'2024-10-13 18:06:01'),(4,'202409271554450805',1,'2024-10-13 18:06:07'),(4,'202410021751260274',1,'2024-10-13 18:06:07'),(4,'202410021751390868',1,'2024-10-13 18:06:07'),(4,'202410121509530996',1,'2024-10-13 18:06:07'),(4,'202410121512270379',1,'2024-10-13 18:06:07'),(4,'202409271554450805',1,'2024-10-13 18:06:37'),(4,'202410021751260274',1,'2024-10-13 18:06:37'),(4,'202410021751390868',1,'2024-10-13 18:06:37'),(4,'202410121509530996',1,'2024-10-13 18:06:37'),(4,'202410121512270379',1,'2024-10-13 18:06:37'),(4,'202409271554450805',1,'2024-10-13 18:06:50'),(4,'202410021751260274',1,'2024-10-13 18:06:50'),(4,'202410021751390868',1,'2024-10-13 18:06:50'),(4,'202410121509530996',1,'2024-10-13 18:06:50'),(4,'202410121512270379',1,'2024-10-13 18:06:50'),(4,'202409271554450805',1,'2024-10-13 18:07:03'),(4,'202410021751260274',1,'2024-10-13 18:07:03'),(4,'202410021751390868',1,'2024-10-13 18:07:03'),(4,'202410121509530996',1,'2024-10-13 18:07:03'),(4,'202410121512270379',1,'2024-10-13 18:07:03'),(4,'202409271554450805',1,'2024-10-13 18:07:32'),(4,'202410021751260274',1,'2024-10-13 18:07:32'),(4,'202410021751390868',1,'2024-10-13 18:07:32'),(4,'202410121509530996',1,'2024-10-13 18:07:32'),(4,'202410121512270379',1,'2024-10-13 18:07:32'),(4,'202409271554450805',1,'2024-10-13 18:07:41'),(4,'202410021751260274',1,'2024-10-13 18:07:41'),(4,'202410021751390868',1,'2024-10-13 18:07:41'),(4,'202410121509530996',1,'2024-10-13 18:07:41'),(4,'202410121512270379',1,'2024-10-13 18:07:41'),(4,'202409271554450805',1,'2024-10-13 18:07:50'),(4,'202410021751260274',1,'2024-10-13 18:07:50'),(4,'202410021751390868',1,'2024-10-13 18:07:50'),(4,'202410121509530996',1,'2024-10-13 18:07:50'),(4,'202410121512270379',1,'2024-10-13 18:07:50'),(4,'202409271554450805',1,'2024-10-13 18:08:57'),(4,'202410021751260274',1,'2024-10-13 18:08:57'),(4,'202410021751390868',1,'2024-10-13 18:08:57'),(4,'202410121509530996',1,'2024-10-13 18:08:58'),(4,'202410121512270379',1,'2024-10-13 18:08:58'),(4,'202409271554450805',1,'2024-10-13 18:09:10'),(4,'202410021751260274',1,'2024-10-13 18:09:10'),(4,'202410021751390868',1,'2024-10-13 18:09:10'),(4,'202410121509530996',1,'2024-10-13 18:09:10'),(4,'202410121512270379',1,'2024-10-13 18:09:10'),(4,'202409271554450805',1,'2024-10-13 18:09:16'),(4,'202410021751260274',1,'2024-10-13 18:09:16'),(4,'202410021751390868',1,'2024-10-13 18:09:16'),(4,'202410121509530996',1,'2024-10-13 18:09:16'),(4,'202410121512270379',1,'2024-10-13 18:09:16'),(4,'202409271554450805',1,'2024-10-13 18:11:52'),(4,'202410021751260274',1,'2024-10-13 18:11:52'),(4,'202410021751390868',1,'2024-10-13 18:11:52'),(4,'202410121509530996',1,'2024-10-13 18:11:52'),(4,'202410121512270379',1,'2024-10-13 18:11:52'),(4,'202409271554450805',1,'2024-10-13 18:11:52'),(4,'202410021751260274',1,'2024-10-13 18:11:52'),(4,'202410021751390868',1,'2024-10-13 18:11:52'),(4,'202410121509530996',1,'2024-10-13 18:11:52'),(4,'202410121512270379',1,'2024-10-13 18:11:52'),(4,'202409271554450805',1,'2024-10-13 18:12:39'),(4,'202410021751260274',1,'2024-10-13 18:12:39'),(4,'202410021751390868',1,'2024-10-13 18:12:39'),(4,'202410121509530996',1,'2024-10-13 18:12:39'),(4,'202410121512270379',1,'2024-10-13 18:12:39'),(4,'202409271554450805',1,'2024-10-13 18:12:46'),(4,'202410021751260274',1,'2024-10-13 18:12:46'),(4,'202410021751390868',1,'2024-10-13 18:12:46'),(4,'202410121509530996',1,'2024-10-13 18:12:46'),(4,'202410121512270379',1,'2024-10-13 18:12:46'),(4,'202409271554450805',1,'2024-10-13 18:13:32'),(4,'202410021751260274',1,'2024-10-13 18:13:32'),(4,'202410021751390868',1,'2024-10-13 18:13:32'),(4,'202410121509530996',1,'2024-10-13 18:13:32'),(4,'202410121512270379',1,'2024-10-13 18:13:32'),(4,'202409271554450805',1,'2024-10-13 18:14:17'),(4,'202410021751260274',1,'2024-10-13 18:14:17'),(4,'202410021751390868',1,'2024-10-13 18:14:17'),(4,'202410121509530996',1,'2024-10-13 18:14:17'),(4,'202410121512270379',1,'2024-10-13 18:14:17'),(4,'202409271554450805',1,'2024-10-13 18:14:27'),(4,'202410021751260274',1,'2024-10-13 18:14:27'),(4,'202410021751390868',1,'2024-10-13 18:14:27'),(4,'202410121509530996',1,'2024-10-13 18:14:27'),(4,'202410121512270379',1,'2024-10-13 18:14:27'),(4,'202409271554450805',1,'2024-10-13 18:15:29'),(4,'202410021751260274',1,'2024-10-13 18:15:29'),(4,'202410021751390868',1,'2024-10-13 18:15:29'),(4,'202410121509530996',1,'2024-10-13 18:15:29'),(4,'202410121512270379',1,'2024-10-13 18:15:29'),(4,'202409271554450805',1,'2024-10-13 18:16:08'),(4,'202410021751260274',1,'2024-10-13 18:16:08'),(4,'202410021751390868',1,'2024-10-13 18:16:08'),(4,'202410121509530996',1,'2024-10-13 18:16:08'),(4,'202410121512270379',1,'2024-10-13 18:16:08'),(4,'202409271554450805',1,'2024-10-13 18:16:10'),(4,'202410021751260274',1,'2024-10-13 18:16:10'),(4,'202410021751390868',1,'2024-10-13 18:16:10'),(4,'202410121509530996',1,'2024-10-13 18:16:10'),(4,'202410121512270379',1,'2024-10-13 18:16:10'),(4,'202409271554450805',1,'2024-10-13 18:16:19'),(4,'202410021751260274',1,'2024-10-13 18:16:19'),(4,'202410021751390868',1,'2024-10-13 18:16:19'),(4,'202410121509530996',1,'2024-10-13 18:16:19'),(4,'202410121512270379',1,'2024-10-13 18:16:19'),(4,'202409271554450805',1,'2024-10-13 19:35:25'),(4,'202410021751260274',1,'2024-10-13 19:35:25'),(4,'202410021751390868',1,'2024-10-13 19:35:25'),(4,'202410121509530996',1,'2024-10-13 19:35:25'),(4,'202410121512270379',1,'2024-10-13 19:35:25'),(4,'202409271554450805',1,'2024-10-13 19:35:28'),(4,'202410021751260274',1,'2024-10-13 19:35:28'),(4,'202410021751390868',1,'2024-10-13 19:35:28'),(4,'202410121509530996',1,'2024-10-13 19:35:28'),(4,'202410121512270379',1,'2024-10-13 19:35:28'),(4,'202409271554450805',1,'2024-10-13 19:39:17'),(4,'202410021751260274',1,'2024-10-13 19:39:17'),(4,'202410021751390868',1,'2024-10-13 19:39:17'),(4,'202410121509530996',1,'2024-10-13 19:39:17'),(4,'202410121512270379',1,'2024-10-13 19:39:17'),(4,'202409271554450805',1,'2024-10-13 19:44:00'),(4,'202410021751260274',1,'2024-10-13 19:44:00'),(4,'202410021751390868',1,'2024-10-13 19:44:00'),(4,'202410121509530996',1,'2024-10-13 19:44:00'),(4,'202410121512270379',1,'2024-10-13 19:44:00'),(4,'202409271554450805',1,'2024-10-13 19:46:06'),(4,'202410021751260274',1,'2024-10-13 19:46:06'),(4,'202410021751390868',1,'2024-10-13 19:46:06'),(4,'202410121509530996',1,'2024-10-13 19:46:06'),(4,'202410121512270379',1,'2024-10-13 19:46:06'),(4,'202409271554450805',1,'2024-10-13 19:49:39'),(4,'202410021751260274',1,'2024-10-13 19:49:39'),(4,'202410021751390868',1,'2024-10-13 19:49:39'),(4,'202410121509530996',1,'2024-10-13 19:49:39'),(4,'202410121512270379',1,'2024-10-13 19:49:39'),(4,'202409271554450805',1,'2024-10-13 19:50:00'),(4,'202410021751260274',1,'2024-10-13 19:50:00'),(4,'202410021751390868',1,'2024-10-13 19:50:00'),(4,'202410121509530996',1,'2024-10-13 19:50:00'),(4,'202410121512270379',1,'2024-10-13 19:50:00'),(4,'202409271554450805',1,'2024-10-13 19:50:08'),(4,'202410021751260274',1,'2024-10-13 19:50:08'),(4,'202410021751390868',1,'2024-10-13 19:50:08'),(4,'202410121509530996',1,'2024-10-13 19:50:08'),(4,'202410121512270379',1,'2024-10-13 19:50:08'),(4,'202409271554450805',1,'2024-10-13 19:50:28'),(4,'202410021751260274',1,'2024-10-13 19:50:28'),(4,'202410021751390868',1,'2024-10-13 19:50:28'),(4,'202410121509530996',1,'2024-10-13 19:50:28'),(4,'202410121512270379',1,'2024-10-13 19:50:28'),(4,'202409271554450805',1,'2024-10-13 19:51:09'),(4,'202410021751260274',1,'2024-10-13 19:51:09'),(4,'202410021751390868',1,'2024-10-13 19:51:09'),(4,'202410121509530996',1,'2024-10-13 19:51:09'),(4,'202410121512270379',1,'2024-10-13 19:51:09'),(4,'202409271554450805',1,'2024-10-13 19:53:35'),(4,'202410021751260274',1,'2024-10-13 19:53:35'),(4,'202410021751390868',1,'2024-10-13 19:53:35'),(4,'202410121509530996',1,'2024-10-13 19:53:35'),(4,'202410121512270379',1,'2024-10-13 19:53:35'),(4,'202409271554450805',1,'2024-10-13 19:53:59'),(4,'202410021751260274',1,'2024-10-13 19:53:59'),(4,'202410021751390868',1,'2024-10-13 19:53:59'),(4,'202410121509530996',1,'2024-10-13 19:53:59'),(4,'202410121512270379',1,'2024-10-13 19:53:59'),(4,'202409271554450805',1,'2024-10-13 19:55:52'),(4,'202410021751260274',1,'2024-10-13 19:55:52'),(4,'202410021751390868',1,'2024-10-13 19:55:52'),(4,'202410121509530996',1,'2024-10-13 19:55:52'),(4,'202410121512270379',1,'2024-10-13 19:55:52'),(4,'202409271554450805',1,'2024-10-13 19:56:10'),(4,'202410021751260274',1,'2024-10-13 19:56:10'),(4,'202410021751390868',1,'2024-10-13 19:56:10'),(4,'202410121509530996',1,'2024-10-13 19:56:10'),(4,'202410121512270379',1,'2024-10-13 19:56:10'),(4,'202409271554450805',1,'2024-10-13 19:56:53'),(4,'202410021751260274',1,'2024-10-13 19:56:53'),(4,'202410021751390868',1,'2024-10-13 19:56:53'),(4,'202410121509530996',1,'2024-10-13 19:56:53'),(4,'202410121512270379',1,'2024-10-13 19:56:53'),(4,'202409271554450805',1,'2024-10-13 19:57:05'),(4,'202410021751260274',1,'2024-10-13 19:57:05'),(4,'202410021751390868',1,'2024-10-13 19:57:05'),(4,'202410121509530996',1,'2024-10-13 19:57:05'),(4,'202410121512270379',1,'2024-10-13 19:57:05'),(4,'202409271554450805',1,'2024-10-13 19:57:18'),(4,'202410021751260274',1,'2024-10-13 19:57:18'),(4,'202410021751390868',1,'2024-10-13 19:57:18'),(4,'202410121509530996',1,'2024-10-13 19:57:18'),(4,'202410121512270379',1,'2024-10-13 19:57:18'),(4,'202409271554450805',1,'2024-10-13 19:58:10'),(4,'202410021751260274',1,'2024-10-13 19:58:10'),(4,'202410021751390868',1,'2024-10-13 19:58:10'),(4,'202410121509530996',1,'2024-10-13 19:58:10'),(4,'202410121512270379',1,'2024-10-13 19:58:10'),(4,'202409271554450805',1,'2024-10-13 19:59:21'),(4,'202410021751260274',1,'2024-10-13 19:59:21'),(4,'202410021751390868',1,'2024-10-13 19:59:21'),(4,'202410121509530996',1,'2024-10-13 19:59:21'),(4,'202410121512270379',1,'2024-10-13 19:59:21'),(4,'202409271554450805',1,'2024-10-13 19:59:21'),(4,'202410021751260274',1,'2024-10-13 19:59:21'),(4,'202410021751390868',1,'2024-10-13 19:59:21'),(4,'202410121509530996',1,'2024-10-13 19:59:21'),(4,'202410121512270379',1,'2024-10-13 19:59:21'),(4,'202409271554450805',1,'2024-10-13 19:59:55'),(4,'202410021751260274',1,'2024-10-13 19:59:55'),(4,'202410021751390868',1,'2024-10-13 19:59:55'),(4,'202410121509530996',1,'2024-10-13 19:59:55'),(4,'202410121512270379',1,'2024-10-13 19:59:55'),(4,'202409271554450805',1,'2024-10-13 20:01:50'),(4,'202410021751260274',1,'2024-10-13 20:01:50'),(4,'202410021751390868',1,'2024-10-13 20:01:50'),(4,'202410121509530996',1,'2024-10-13 20:01:50'),(4,'202410121512270379',1,'2024-10-13 20:01:50'),(4,'202409271554450805',1,'2024-10-13 20:02:21'),(4,'202410021751260274',1,'2024-10-13 20:02:21'),(4,'202410021751390868',1,'2024-10-13 20:02:21'),(4,'202410121509530996',1,'2024-10-13 20:02:21'),(4,'202410121512270379',1,'2024-10-13 20:02:21'),(4,'202409271554450805',1,'2024-10-13 20:02:28'),(4,'202410021751260274',1,'2024-10-13 20:02:28'),(4,'202410021751390868',1,'2024-10-13 20:02:28'),(4,'202410121509530996',1,'2024-10-13 20:02:28'),(4,'202410121512270379',1,'2024-10-13 20:02:28'),(4,'202409271554450805',1,'2024-10-13 20:46:49'),(4,'202410021751260274',1,'2024-10-13 20:46:49'),(4,'202410021751390868',1,'2024-10-13 20:46:49'),(4,'202410121509530996',1,'2024-10-13 20:46:49'),(4,'202410121512270379',1,'2024-10-13 20:46:49'),(4,'202409271554450805',1,'2024-10-13 20:55:45'),(4,'202410021751260274',1,'2024-10-13 20:55:45'),(4,'202410021751390868',1,'2024-10-13 20:55:45'),(4,'202410121509530996',1,'2024-10-13 20:55:45'),(4,'202410121512270379',1,'2024-10-13 20:55:45'),(4,'202409271554450805',1,'2024-10-13 21:02:39'),(4,'202410021751260274',1,'2024-10-13 21:02:39'),(4,'202410021751390868',1,'2024-10-13 21:02:39'),(4,'202410121509530996',1,'2024-10-13 21:02:39'),(4,'202410121512270379',1,'2024-10-13 21:02:39'),(4,'202409271554450805',1,'2024-10-13 21:02:54'),(4,'202410021751260274',1,'2024-10-13 21:02:54'),(4,'202410021751390868',1,'2024-10-13 21:02:54'),(4,'202410121509530996',1,'2024-10-13 21:02:54'),(4,'202410121512270379',1,'2024-10-13 21:02:54'),(4,'202409271554450805',1,'2024-10-13 21:03:59'),(4,'202410021751260274',1,'2024-10-13 21:03:59'),(4,'202410021751390868',1,'2024-10-13 21:03:59'),(4,'202410121509530996',1,'2024-10-13 21:03:59'),(4,'202410121512270379',1,'2024-10-13 21:03:59'),(4,'202409271554450805',1,'2024-10-13 21:04:06'),(4,'202410021751260274',1,'2024-10-13 21:04:06'),(4,'202410021751390868',1,'2024-10-13 21:04:06'),(4,'202410121509530996',1,'2024-10-13 21:04:06'),(4,'202410121512270379',1,'2024-10-13 21:04:06'),(4,'202409271554450805',1,'2024-10-13 21:05:00'),(4,'202410021751260274',1,'2024-10-13 21:05:00'),(4,'202410021751390868',1,'2024-10-13 21:05:00'),(4,'202410121509530996',1,'2024-10-13 21:05:00'),(4,'202410121512270379',1,'2024-10-13 21:05:00'),(4,'202409271554450805',1,'2024-10-13 21:11:15'),(4,'202410021751260274',1,'2024-10-13 21:11:15'),(4,'202410021751390868',1,'2024-10-13 21:11:15'),(4,'202410121509530996',1,'2024-10-13 21:11:15'),(4,'202410121512270379',1,'2024-10-13 21:11:15'),(4,'202409271554450805',1,'2024-10-13 21:11:15'),(4,'202410021751260274',1,'2024-10-13 21:11:15'),(4,'202410021751390868',1,'2024-10-13 21:11:15'),(4,'202410121509530996',1,'2024-10-13 21:11:15'),(4,'202410121512270379',1,'2024-10-13 21:11:15'),(4,'202409271554450805',1,'2024-10-13 21:11:55'),(4,'202410021751260274',1,'2024-10-13 21:11:55'),(4,'202410021751390868',1,'2024-10-13 21:11:55'),(4,'202410121509530996',1,'2024-10-13 21:11:55'),(4,'202410121512270379',1,'2024-10-13 21:11:55'),(4,'202409271554450805',1,'2024-10-13 21:12:05'),(4,'202410021751260274',1,'2024-10-13 21:12:05'),(4,'202410021751390868',1,'2024-10-13 21:12:05'),(4,'202410121509530996',1,'2024-10-13 21:12:05'),(4,'202410121512270379',1,'2024-10-13 21:12:05'),(4,'202409271554450805',1,'2024-10-13 21:12:20'),(4,'202410021751260274',1,'2024-10-13 21:12:20'),(4,'202410021751390868',1,'2024-10-13 21:12:20'),(4,'202410121509530996',1,'2024-10-13 21:12:20'),(4,'202410121512270379',1,'2024-10-13 21:12:20'),(4,'202409271554450805',1,'2024-10-13 21:13:11'),(4,'202410021751260274',1,'2024-10-13 21:13:11'),(4,'202410021751390868',1,'2024-10-13 21:13:11'),(4,'202410121509530996',1,'2024-10-13 21:13:11'),(4,'202410121512270379',1,'2024-10-13 21:13:11'),(4,'202409271554450805',1,'2024-10-13 21:13:27'),(4,'202410021751260274',1,'2024-10-13 21:13:27'),(4,'202410021751390868',1,'2024-10-13 21:13:27'),(4,'202410121509530996',1,'2024-10-13 21:13:27'),(4,'202410121512270379',1,'2024-10-13 21:13:27'),(4,'202409271554450805',1,'2024-10-13 21:16:10'),(4,'202410021751260274',1,'2024-10-13 21:16:10'),(4,'202410021751390868',1,'2024-10-13 21:16:10'),(4,'202410121509530996',1,'2024-10-13 21:16:10'),(4,'202410121512270379',1,'2024-10-13 21:16:10'),(4,'202409271554450805',1,'2024-10-13 21:16:33'),(4,'202410021751260274',1,'2024-10-13 21:16:33'),(4,'202410021751390868',1,'2024-10-13 21:16:33'),(4,'202410121509530996',1,'2024-10-13 21:16:33'),(4,'202410121512270379',1,'2024-10-13 21:16:33'),(4,'202409271554450805',1,'2024-10-13 21:17:11'),(4,'202410021751260274',1,'2024-10-13 21:17:11'),(4,'202410021751390868',1,'2024-10-13 21:17:11'),(4,'202410121509530996',1,'2024-10-13 21:17:11'),(4,'202410121512270379',1,'2024-10-13 21:17:11'),(4,'202409271554450805',1,'2024-10-13 21:17:34'),(4,'202410021751260274',1,'2024-10-13 21:17:34'),(4,'202410021751390868',1,'2024-10-13 21:17:34'),(4,'202410121509530996',1,'2024-10-13 21:17:34'),(4,'202410121512270379',1,'2024-10-13 21:17:34'),(4,'202409271554450805',1,'2024-10-13 21:17:43'),(4,'202410021751260274',1,'2024-10-13 21:17:43'),(4,'202410021751390868',1,'2024-10-13 21:17:43'),(4,'202410121509530996',1,'2024-10-13 21:17:43'),(4,'202410121512270379',1,'2024-10-13 21:17:43'),(4,'202409271554450805',1,'2024-10-13 21:19:27'),(4,'202410021751260274',1,'2024-10-13 21:19:27'),(4,'202410021751390868',1,'2024-10-13 21:19:27'),(4,'202410121509530996',1,'2024-10-13 21:19:27'),(4,'202410121512270379',1,'2024-10-13 21:19:27'),(4,'202409271554450805',1,'2024-10-13 21:19:42'),(4,'202410021751260274',1,'2024-10-13 21:19:42'),(4,'202410021751390868',1,'2024-10-13 21:19:42'),(4,'202410121509530996',1,'2024-10-13 21:19:42'),(4,'202410121512270379',1,'2024-10-13 21:19:42'),(4,'202409271554450805',1,'2024-10-13 21:20:00'),(4,'202410021751260274',1,'2024-10-13 21:20:00'),(4,'202410021751390868',1,'2024-10-13 21:20:00'),(4,'202410121509530996',1,'2024-10-13 21:20:00'),(4,'202410121512270379',1,'2024-10-13 21:20:00'),(4,'202409271554450805',1,'2024-10-13 21:20:11'),(4,'202410021751260274',1,'2024-10-13 21:20:11'),(4,'202410021751390868',1,'2024-10-13 21:20:11'),(4,'202410121509530996',1,'2024-10-13 21:20:11'),(4,'202410121512270379',1,'2024-10-13 21:20:11'),(4,'202409271554450805',1,'2024-10-13 21:20:21'),(4,'202410021751260274',1,'2024-10-13 21:20:21'),(4,'202410021751390868',1,'2024-10-13 21:20:21'),(4,'202410121509530996',1,'2024-10-13 21:20:21'),(4,'202410121512270379',1,'2024-10-13 21:20:21'),(4,'202409271554450805',1,'2024-10-13 21:53:17'),(4,'202410021751260274',1,'2024-10-13 21:53:17'),(4,'202410021751390868',1,'2024-10-13 21:53:17'),(4,'202410121509530996',1,'2024-10-13 21:53:17'),(4,'202410121512270379',1,'2024-10-13 21:53:17'),(NULL,'202409271554450805',1,'2024-10-14 14:07:18'),(NULL,'202410021751260274',1,'2024-10-14 14:07:18'),(NULL,'202410021751390868',1,'2024-10-14 14:07:18'),(NULL,'202410121509530996',1,'2024-10-14 14:07:18'),(NULL,'202410121512270379',1,'2024-10-14 14:07:18'),(4,'202409271554450805',1,'2024-10-14 14:08:19'),(4,'202410021751260274',1,'2024-10-14 14:08:19'),(4,'202410021751390868',1,'2024-10-14 14:08:19'),(4,'202410121509530996',1,'2024-10-14 14:08:19'),(4,'202410121512270379',1,'2024-10-14 14:08:19'),(4,'202409271554450805',1,'2024-10-14 14:09:03'),(4,'202410021751260274',1,'2024-10-14 14:09:03'),(4,'202410021751390868',1,'2024-10-14 14:09:03'),(4,'202410121509530996',1,'2024-10-14 14:09:03'),(4,'202410121512270379',1,'2024-10-14 14:09:03'),(4,'202410121512270379',1,'2024-10-14 14:09:06'),(4,'202410121509530996',1,'2024-10-14 14:09:06'),(4,'202409271554450805',1,'2024-10-14 14:09:06'),(4,'202410021751390868',1,'2024-10-14 14:09:08'),(4,'202410021751260274',1,'2024-10-14 14:09:08'),(4,'202409271554450805',1,'2024-10-14 14:09:13'),(4,'202410021751260274',1,'2024-10-14 14:09:13'),(4,'202410021751390868',1,'2024-10-14 14:09:13'),(4,'202410121509530996',1,'2024-10-14 14:09:13'),(4,'202410121512270379',1,'2024-10-14 14:09:13'),(4,'202410021751260274',1,'2024-10-14 14:09:18'),(4,'202410021751390868',1,'2024-10-14 14:09:18'),(4,'202409271554450805',1,'2024-10-14 14:09:28'),(4,'202410021751260274',1,'2024-10-14 14:09:28'),(4,'202410021751390868',1,'2024-10-14 14:09:28'),(4,'202410121509530996',1,'2024-10-14 14:09:28'),(4,'202410121512270379',1,'2024-10-14 14:09:28'),(4,'202409271554450805',1,'2024-10-14 14:09:47'),(4,'202410021751260274',1,'2024-10-14 14:09:47'),(4,'202410021751390868',1,'2024-10-14 14:09:47'),(4,'202410121509530996',1,'2024-10-14 14:09:47'),(4,'202410121512270379',1,'2024-10-14 14:09:47'),(4,'202410121512270379',2,'2024-10-14 14:09:49'),(4,'202409271554450805',1,'2024-10-14 14:22:07'),(4,'202410021751260274',1,'2024-10-14 14:22:07'),(4,'202410021751390868',1,'2024-10-14 14:22:07'),(4,'202410121509530996',1,'2024-10-14 14:22:07'),(4,'202410121512270379',1,'2024-10-14 14:22:07'),(4,'202409271554450805',1,'2024-10-14 14:37:06'),(4,'202410021751260274',1,'2024-10-14 14:37:06'),(4,'202410021751390868',1,'2024-10-14 14:37:06'),(4,'202410121509530996',1,'2024-10-14 14:37:06'),(4,'202410121512270379',1,'2024-10-14 14:37:06'),(NULL,'202409271554450805',1,'2024-10-14 14:48:25'),(NULL,'202410021751260274',1,'2024-10-14 14:48:25'),(NULL,'202410021751390868',1,'2024-10-14 14:48:25'),(NULL,'202410121509530996',1,'2024-10-14 14:48:25'),(NULL,'202410121512270379',1,'2024-10-14 14:48:25'),(NULL,'202409271554450805',1,'2024-10-14 14:48:27'),(NULL,'202410021751260274',1,'2024-10-14 14:48:27'),(NULL,'202410021751390868',1,'2024-10-14 14:48:27'),(NULL,'202410121509530996',1,'2024-10-14 14:48:27'),(NULL,'202410121512270379',1,'2024-10-14 14:48:27'),(NULL,'202409271554450805',1,'2024-10-14 14:48:27'),(NULL,'202410021751260274',1,'2024-10-14 14:48:27'),(NULL,'202410021751390868',1,'2024-10-14 14:48:27'),(NULL,'202410121509530996',1,'2024-10-14 14:48:27'),(NULL,'202410121512270379',1,'2024-10-14 14:48:27'),(NULL,'202409271554450805',1,'2024-10-14 14:48:34'),(NULL,'202410021751260274',1,'2024-10-14 14:48:34'),(NULL,'202410021751390868',1,'2024-10-14 14:48:34'),(NULL,'202410121509530996',1,'2024-10-14 14:48:34'),(NULL,'202410121512270379',1,'2024-10-14 14:48:34'),(NULL,'202409271554450805',1,'2024-10-14 14:48:34'),(NULL,'202410021751260274',1,'2024-10-14 14:48:34'),(NULL,'202410021751390868',1,'2024-10-14 14:48:34'),(NULL,'202410121509530996',1,'2024-10-14 14:48:34'),(NULL,'202410121512270379',1,'2024-10-14 14:48:34'),(4,'202409271554450805',1,'2024-10-14 14:49:30'),(4,'202410021751260274',1,'2024-10-14 14:49:30'),(4,'202410021751390868',1,'2024-10-14 14:49:30'),(4,'202410121509530996',1,'2024-10-14 14:49:30'),(4,'202410121512270379',1,'2024-10-14 14:49:30'),(NULL,'202409271554450805',1,'2024-10-14 17:06:28'),(NULL,'202410021751260274',1,'2024-10-14 17:06:28'),(NULL,'202410021751390868',1,'2024-10-14 17:06:28'),(NULL,'202410121509530996',1,'2024-10-14 17:06:28'),(NULL,'202410121512270379',1,'2024-10-14 17:06:28'),(NULL,'202409271554450805',1,'2024-10-14 17:06:36'),(NULL,'202410021751260274',1,'2024-10-14 17:06:36'),(NULL,'202410021751390868',1,'2024-10-14 17:06:36'),(NULL,'202410121509530996',1,'2024-10-14 17:06:36'),(NULL,'202410121512270379',1,'2024-10-14 17:06:36'),(NULL,'202409271554450805',1,'2024-10-14 17:06:36'),(NULL,'202410021751260274',1,'2024-10-14 17:06:36'),(NULL,'202410021751390868',1,'2024-10-14 17:06:36'),(NULL,'202410121509530996',1,'2024-10-14 17:06:36'),(NULL,'202410121512270379',1,'2024-10-14 17:06:36'),(NULL,'202409271554450805',1,'2024-10-14 17:06:41'),(NULL,'202410021751260274',1,'2024-10-14 17:06:41'),(NULL,'202410021751390868',1,'2024-10-14 17:06:41'),(NULL,'202410121509530996',1,'2024-10-14 17:06:41'),(NULL,'202410121512270379',1,'2024-10-14 17:06:41'),(NULL,'202409271554450805',1,'2024-10-14 17:06:41'),(NULL,'202410021751260274',1,'2024-10-14 17:06:41'),(NULL,'202410021751390868',1,'2024-10-14 17:06:41'),(NULL,'202410121509530996',1,'2024-10-14 17:06:41'),(NULL,'202410121512270379',1,'2024-10-14 17:06:41'),(NULL,'202409271554450805',1,'2024-10-14 17:06:46'),(NULL,'202410021751260274',1,'2024-10-14 17:06:46'),(NULL,'202410021751390868',1,'2024-10-14 17:06:46'),(NULL,'202410121509530996',1,'2024-10-14 17:06:46'),(NULL,'202410121512270379',1,'2024-10-14 17:06:46'),(NULL,'202409271554450805',1,'2024-10-14 17:06:46'),(NULL,'202410021751260274',1,'2024-10-14 17:06:46'),(NULL,'202410021751390868',1,'2024-10-14 17:06:46'),(NULL,'202410121509530996',1,'2024-10-14 17:06:46'),(NULL,'202410121512270379',1,'2024-10-14 17:06:46'),(NULL,'202409271554450805',1,'2024-10-14 17:06:59'),(NULL,'202410021751260274',1,'2024-10-14 17:06:59'),(NULL,'202410021751390868',1,'2024-10-14 17:06:59'),(NULL,'202410121509530996',1,'2024-10-14 17:06:59'),(NULL,'202410121512270379',1,'2024-10-14 17:06:59'),(NULL,'202409271554450805',1,'2024-10-14 17:06:59'),(NULL,'202410021751260274',1,'2024-10-14 17:06:59'),(NULL,'202410021751390868',1,'2024-10-14 17:06:59'),(NULL,'202410121509530996',1,'2024-10-14 17:06:59'),(NULL,'202410121512270379',1,'2024-10-14 17:06:59'),(NULL,'202409271554450805',1,'2024-10-14 17:07:05'),(NULL,'202410021751260274',1,'2024-10-14 17:07:05'),(NULL,'202410021751390868',1,'2024-10-14 17:07:05'),(NULL,'202410121509530996',1,'2024-10-14 17:07:05'),(NULL,'202410121512270379',1,'2024-10-14 17:07:05'),(NULL,'202409271554450805',1,'2024-10-14 17:07:05'),(NULL,'202410021751260274',1,'2024-10-14 17:07:05'),(NULL,'202410021751390868',1,'2024-10-14 17:07:05'),(NULL,'202410121509530996',1,'2024-10-14 17:07:05'),(NULL,'202410121512270379',1,'2024-10-14 17:07:05'),(NULL,'202409271554450805',1,'2024-10-14 17:07:30'),(NULL,'202410021751260274',1,'2024-10-14 17:07:30'),(NULL,'202410021751390868',1,'2024-10-14 17:07:30'),(NULL,'202410121509530996',1,'2024-10-14 17:07:30'),(NULL,'202410121512270379',1,'2024-10-14 17:07:30'),(NULL,'202409271554450805',1,'2024-10-14 17:07:30'),(NULL,'202410021751260274',1,'2024-10-14 17:07:30'),(NULL,'202410021751390868',1,'2024-10-14 17:07:30'),(NULL,'202410121509530996',1,'2024-10-14 17:07:30'),(NULL,'202410121512270379',1,'2024-10-14 17:07:30'),(NULL,'202409271554450805',1,'2024-10-14 17:09:26'),(NULL,'202410021751260274',1,'2024-10-14 17:09:26'),(NULL,'202410021751390868',1,'2024-10-14 17:09:26'),(NULL,'202410121509530996',1,'2024-10-14 17:09:26'),(NULL,'202410121512270379',1,'2024-10-14 17:09:26'),(4,'202409271554450805',1,'2024-10-14 17:09:41'),(4,'202410021751260274',1,'2024-10-14 17:09:41'),(4,'202410021751390868',1,'2024-10-14 17:09:41'),(4,'202410121509530996',1,'2024-10-14 17:09:41'),(4,'202410121512270379',1,'2024-10-14 17:09:41'),(4,'202409271554450805',1,'2024-10-14 17:09:49'),(4,'202410021751260274',1,'2024-10-14 17:09:49'),(4,'202410021751390868',1,'2024-10-14 17:09:49'),(4,'202410121509530996',1,'2024-10-14 17:09:49'),(4,'202410121512270379',1,'2024-10-14 17:09:49'),(4,'202409271554450805',1,'2024-10-14 17:21:31'),(4,'202410021751260274',1,'2024-10-14 17:21:31'),(4,'202410021751390868',1,'2024-10-14 17:21:31'),(4,'202410121509530996',1,'2024-10-14 17:21:31'),(4,'202410121512270379',1,'2024-10-14 17:21:31'),(4,'202409271554450805',1,'2024-10-14 17:21:51'),(4,'202410021751260274',1,'2024-10-14 17:21:51'),(4,'202410021751390868',1,'2024-10-14 17:21:51'),(4,'202410121509530996',1,'2024-10-14 17:21:51'),(4,'202410121512270379',1,'2024-10-14 17:21:51'),(4,'202409271554450805',1,'2024-10-14 17:22:00'),(4,'202410021751260274',1,'2024-10-14 17:22:00'),(4,'202410021751390868',1,'2024-10-14 17:22:00'),(4,'202410121509530996',1,'2024-10-14 17:22:00'),(4,'202410121512270379',1,'2024-10-14 17:22:00'),(4,'202410021751260274',2,'2024-10-14 17:22:04'),(4,'202410121509530996',2,'2024-10-14 17:22:06'),(4,'202409271554450805',3,'2024-10-14 17:22:16'),(4,'202409271554450805',1,'2024-10-14 17:22:54'),(4,'202410021751260274',1,'2024-10-14 17:22:54'),(4,'202410021751390868',1,'2024-10-14 17:22:54'),(4,'202410121509530996',1,'2024-10-14 17:22:54'),(4,'202410121512270379',1,'2024-10-14 17:22:54'),(4,'202409271554450805',1,'2024-10-14 17:23:47'),(4,'202410021751260274',1,'2024-10-14 17:23:47'),(4,'202410021751390868',1,'2024-10-14 17:23:47'),(4,'202410121509530996',1,'2024-10-14 17:23:47'),(4,'202410121512270379',1,'2024-10-14 17:23:47'),(4,'202409271554450805',1,'2024-10-14 17:23:50'),(4,'202410021751260274',1,'2024-10-14 17:23:50'),(4,'202410021751390868',1,'2024-10-14 17:23:50'),(4,'202410121509530996',1,'2024-10-14 17:23:50'),(4,'202410121512270379',1,'2024-10-14 17:23:50'),(4,'202409271554450805',1,'2024-10-14 17:26:55'),(4,'202410021751260274',1,'2024-10-14 17:26:55'),(4,'202410021751390868',1,'2024-10-14 17:26:55'),(4,'202410121509530996',1,'2024-10-14 17:26:55'),(4,'202410121512270379',1,'2024-10-14 17:26:55'),(4,'202409271554450805',1,'2024-10-14 17:29:25'),(4,'202410021751260274',1,'2024-10-14 17:29:25'),(4,'202410021751390868',1,'2024-10-14 17:29:25'),(4,'202410121509530996',1,'2024-10-14 17:29:25'),(4,'202410121512270379',1,'2024-10-14 17:29:25'),(4,'202409271554450805',1,'2024-10-14 17:31:27'),(4,'202410021751260274',1,'2024-10-14 17:31:27'),(4,'202410021751390868',1,'2024-10-14 17:31:27'),(4,'202410121509530996',1,'2024-10-14 17:31:27'),(4,'202410121512270379',1,'2024-10-14 17:31:27'),(4,'202409271554450805',1,'2024-10-14 17:36:46'),(4,'202410021751260274',1,'2024-10-14 17:36:46'),(4,'202410021751390868',1,'2024-10-14 17:36:46'),(4,'202410121509530996',1,'2024-10-14 17:36:46'),(4,'202410121512270379',1,'2024-10-14 17:36:46'),(4,'202409271554450805',1,'2024-10-14 19:01:23'),(4,'202410021751260274',1,'2024-10-14 19:01:24'),(4,'202410021751390868',1,'2024-10-14 19:01:24'),(4,'202410121509530996',1,'2024-10-14 19:01:24'),(4,'202410121512270379',1,'2024-10-14 19:01:24'),(NULL,'202409271554450805',1,'2024-10-28 20:30:26'),(NULL,'202410021751260274',1,'2024-10-28 20:30:26'),(NULL,'202410021751390868',1,'2024-10-28 20:30:26'),(NULL,'202410121509530996',1,'2024-10-28 20:30:26'),(NULL,'202410121512270379',1,'2024-10-28 20:30:26'),(NULL,'202409271554450805',1,'2024-10-28 20:30:30'),(NULL,'202410021751260274',1,'2024-10-28 20:30:30'),(NULL,'202410021751390868',1,'2024-10-28 20:30:30'),(NULL,'202410121509530996',1,'2024-10-28 20:30:30'),(NULL,'202410121512270379',1,'2024-10-28 20:30:30'),(5,'202409271554450805',1,'2024-10-28 20:36:35'),(5,'202410021751260274',1,'2024-10-28 20:36:35'),(5,'202410021751390868',1,'2024-10-28 20:36:35'),(5,'202410121509530996',1,'2024-10-28 20:36:35'),(5,'202410121512270379',1,'2024-10-28 20:36:35'),(5,'202409271554450805',1,'2024-10-28 22:15:08'),(5,'202410021751260274',1,'2024-10-28 22:15:08'),(5,'202410021751390868',1,'2024-10-28 22:15:08'),(5,'202410121509530996',1,'2024-10-28 22:15:08'),(5,'202410121512270379',1,'2024-10-28 22:15:08'),(5,'202409271554450805',1,'2024-10-28 22:15:20'),(5,'202410021751260274',1,'2024-10-28 22:15:20'),(5,'202410021751390868',1,'2024-10-28 22:15:20'),(5,'202410121509530996',1,'2024-10-28 22:15:20'),(5,'202410121512270379',1,'2024-10-28 22:15:20'),(5,'202409271554450805',1,'2024-10-28 22:15:26'),(5,'202410021751260274',1,'2024-10-28 22:15:26'),(5,'202410021751390868',1,'2024-10-28 22:15:26'),(5,'202410121509530996',1,'2024-10-28 22:15:26'),(5,'202410121512270379',1,'2024-10-28 22:15:26'),(5,'202409271554450805',1,'2024-10-28 22:15:51'),(5,'202410021751260274',1,'2024-10-28 22:15:51'),(5,'202410021751390868',1,'2024-10-28 22:15:51'),(5,'202410121509530996',1,'2024-10-28 22:15:51'),(5,'202410121512270379',1,'2024-10-28 22:15:51'),(NULL,'202409271554450805',1,'2024-11-25 14:14:50'),(NULL,'202410021751260274',1,'2024-11-25 14:14:50'),(NULL,'202410021751390868',1,'2024-11-25 14:14:50'),(NULL,'202410121509530996',1,'2024-11-25 14:14:50'),(NULL,'202410121512270379',1,'2024-11-25 14:14:50'),(4,'202409271554450805',1,'2024-11-25 14:15:12'),(4,'202410021751260274',1,'2024-11-25 14:15:12'),(4,'202410021751390868',1,'2024-11-25 14:15:12'),(4,'202410121509530996',1,'2024-11-25 14:15:12'),(4,'202410121512270379',1,'2024-11-25 14:15:12'),(4,'202409271554450805',1,'2024-11-25 14:33:34'),(4,'202410121509530996',1,'2024-11-25 14:33:34'),(4,'202410121512270379',1,'2024-11-25 14:33:34'),(4,'202411251429410637',1,'2024-11-25 14:33:34'),(4,'202411251430240378',1,'2024-11-25 14:33:34'),(4,'202411251431230896',1,'2024-11-25 14:33:34'),(4,'202411251432130363',1,'2024-11-25 14:33:34'),(4,'202411251433220913',1,'2024-11-25 14:33:34'),(4,'202410021751260274',1,'2024-11-25 14:33:34'),(4,'202410021751390868',1,'2024-11-25 14:33:34'),(4,'202409271554450805',1,'2024-11-25 14:34:27'),(4,'202410121509530996',1,'2024-11-25 14:34:27'),(4,'202410121512270379',1,'2024-11-25 14:34:27'),(4,'202411251429410637',1,'2024-11-25 14:34:27'),(4,'202411251430240378',1,'2024-11-25 14:34:27'),(4,'202411251431230896',1,'2024-11-25 14:34:27'),(4,'202411251432130363',1,'2024-11-25 14:34:27'),(4,'202411251433220913',1,'2024-11-25 14:34:27'),(4,'202410021751260274',1,'2024-11-25 14:34:27'),(4,'202410021751390868',1,'2024-11-25 14:34:27'),(4,'202409271554450805',1,'2024-11-25 14:41:34'),(4,'202410121509530996',1,'2024-11-25 14:41:34'),(4,'202410121512270379',1,'2024-11-25 14:41:34'),(4,'202411251429410637',1,'2024-11-25 14:41:34'),(4,'202411251430240378',1,'2024-11-25 14:41:34'),(4,'202411251431230896',1,'2024-11-25 14:41:34'),(4,'202411251432130363',1,'2024-11-25 14:41:34'),(4,'202411251433220913',1,'2024-11-25 14:41:34'),(4,'202410021751260274',1,'2024-11-25 14:41:34'),(4,'202410021751390868',1,'2024-11-25 14:41:34'),(4,'202411251440320385',1,'2024-11-25 14:41:34'),(4,'202411251440560538',1,'2024-11-25 14:41:34'),(4,'202411251441240854',1,'2024-11-25 14:41:34'),(4,'202409271554450805',1,'2024-11-25 14:42:01'),(4,'202410121509530996',1,'2024-11-25 14:42:01'),(4,'202410121512270379',1,'2024-11-25 14:42:01'),(4,'202411251429410637',1,'2024-11-25 14:42:02'),(4,'202411251430240378',1,'2024-11-25 14:42:02'),(4,'202411251431230896',1,'2024-11-25 14:42:02'),(4,'202411251440320385',1,'2024-11-25 14:42:03'),(4,'202411251440560538',1,'2024-11-25 14:42:03'),(4,'202411251441240854',1,'2024-11-25 14:42:03'),(4,'202410021751260274',1,'2024-11-25 14:42:04'),(4,'202410021751390868',1,'2024-11-25 14:42:04'),(4,'202409271554450805',1,'2024-11-25 15:04:25'),(4,'202410121509530996',1,'2024-11-25 15:04:25'),(4,'202410121512270379',1,'2024-11-25 15:04:25'),(4,'202411251429410637',1,'2024-11-25 15:04:25'),(4,'202411251430240378',1,'2024-11-25 15:04:25'),(4,'202411251431230896',1,'2024-11-25 15:04:25'),(4,'202411251432130363',1,'2024-11-25 15:04:25'),(4,'202411251433220913',1,'2024-11-25 15:04:25'),(4,'202410021751260274',1,'2024-11-25 15:04:25'),(4,'202410021751390868',1,'2024-11-25 15:04:25'),(4,'202411251440320385',1,'2024-11-25 15:04:25'),(4,'202411251440560538',1,'2024-11-25 15:04:25'),(4,'202411251441240854',1,'2024-11-25 15:04:25'),(4,'202409271554450805',1,'2024-11-25 15:41:45'),(4,'202410121509530996',1,'2024-11-25 15:41:45'),(4,'202410121512270379',1,'2024-11-25 15:41:45'),(4,'202411251429410637',1,'2024-11-25 15:41:45'),(4,'202411251430240378',1,'2024-11-25 15:41:45'),(4,'202411251431230896',1,'2024-11-25 15:41:45'),(4,'202411251432130363',1,'2024-11-25 15:41:45'),(4,'202411251433220913',1,'2024-11-25 15:41:45'),(4,'202410021751260274',1,'2024-11-25 15:41:45'),(4,'202410021751390868',1,'2024-11-25 15:41:45'),(4,'202411251440320385',1,'2024-11-25 15:41:45'),(4,'202411251440560538',1,'2024-11-25 15:41:45'),(4,'202411251441240854',1,'2024-11-25 15:41:45'),(4,'202411251540350430',1,'2024-11-25 15:41:45'),(4,'202411251541350971',1,'2024-11-25 15:41:45');
/*!40000 ALTER TABLE `user_log` ENABLE KEYS */;
UNLOCK TABLES;
/*!40103 SET TIME_ZONE=@OLD_TIME_ZONE */;

/*!40101 SET SQL_MODE=@OLD_SQL_MODE */;
/*!40014 SET FOREIGN_KEY_CHECKS=@OLD_FOREIGN_KEY_CHECKS */;
/*!40014 SET UNIQUE_CHECKS=@OLD_UNIQUE_CHECKS */;
/*!40101 SET CHARACTER_SET_CLIENT=@OLD_CHARACTER_SET_CLIENT */;
/*!40101 SET CHARACTER_SET_RESULTS=@OLD_CHARACTER_SET_RESULTS */;
/*!40101 SET COLLATION_CONNECTION=@OLD_COLLATION_CONNECTION */;
/*!40111 SET SQL_NOTES=@OLD_SQL_NOTES */;

-- Dump completed on 2024-11-25 16:23:07
